[{"model": "admin.logentry", "pk": 1, "fields": {"action_time": "2022-09-21T13:46:59.560Z", "user": 1, "content_type": 7, "object_id": "1", "object_repr": "mirandafrancesco84@yahoo.com", "action_flag": 1, "change_message": "[{\"added\": {}}]"}}, {"model": "admin.logentry", "pk": 2, "fields": {"action_time": "2022-09-21T13:50:57.844Z", "user": 1, "content_type": 7, "object_id": "1", "object_repr": "mirandafrancesco84@yahoo.com", "action_flag": 2, "change_message": "[{\"changed\": {\"fields\": [\"Profile picture\", \"Cover photo\", \"Address line 1\", \"Address line 2\"]}}]"}}, {"model": "admin.logentry", "pk": 3, "fields": {"action_time": "2022-09-21T14:10:26.354Z", "user": 1, "content_type": 7, "object_id": "1", "object_repr": "mirandafrancesco84@yahoo.com", "action_flag": 2, "change_message": "[{\"changed\": {\"fields\": [\"Profile picture\", \"Cover photo\"]}}]"}}, {"model": "admin.logentry", "pk": 4, "fields": {"action_time": "2022-09-21T15:10:38.344Z", "user": 1, "content_type": 6, "object_id": "2", "object_repr": "", "action_flag": 1, "change_message": "[{\"added\": {}}]"}}, {"model": "admin.logentry", "pk": 5, "fields": {"action_time": "2022-09-21T15:12:50.504Z", "user": 1, "content_type": 7, "object_id": "2", "object_repr": "", "action_flag": 3, "change_message": ""}}, {"model": "admin.logentry", "pk": 6, "fields": {"action_time": "2022-09-21T15:13:02.109Z", "user": 1, "content_type": 6, "object_id": "2", "object_repr": "", "action_flag": 3, "change_message": ""}}, {"model": "admin.logentry", "pk": 7, "fields": {"action_time": "2022-09-21T15:17:34.966Z", "user": 1, "content_type": 6, "object_id": "3", "object_repr": "", "action_flag": 1, "change_message": "[{\"added\": {}}]"}}, {"model": "admin.logentry", "pk": 8, "fields": {"action_time": "2022-09-21T15:18:17.991Z", "user": 1, "content_type": 6, "object_id": "3", "object_repr": "john@net.com", "action_flag": 2, "change_message": "[{\"changed\": {\"fields\": [\"First name\", \"Last name\", \"Email\", \"Phone number\"]}}]"}}, {"model": "admin.logentry", "pk": 9, "fields": {"action_time": "2022-09-22T12:06:35.731Z", "user": 1, "content_type": 6, "object_id": "7", "object_repr": "obi1kenobi@starwars.com", "action_flag": 3, "change_message": ""}}, {"model": "admin.logentry", "pk": 10, "fields": {"action_time": "2022-09-22T12:18:59.239Z", "user": 1, "content_type": 6, "object_id": "8", "object_repr": "obi1kenobi@starwars.com", "action_flag": 3, "change_message": ""}}, {"model": "admin.logentry", "pk": 11, "fields": {"action_time": "2022-09-22T13:18:37.089Z", "user": 1, "content_type": 6, "object_id": "10", "object_repr": "balu@gmail.com", "action_flag": 3, "change_message": ""}}, {"model": "admin.logentry", "pk": 12, "fields": {"action_time": "2022-09-22T15:37:28.951Z", "user": 1, "content_type": 6, "object_id": "14", "object_repr": "obi1kenobi@starwars.it", "action_flag": 3, "change_message": ""}}, {"model": "admin.logentry", "pk": 13, "fields": {"action_time": "2022-09-22T15:37:28.953Z", "user": 1, "content_type": 6, "object_id": "13", "object_repr": "obi1kenobi@starwars.net", "action_flag": 3, "change_message": ""}}, {"model": "admin.logentry", "pk": 14, "fields": {"action_time": "2022-09-22T15:37:28.955Z", "user": 1, "content_type": 6, "object_id": "12", "object_repr": "lmotizer@castcom.net", "action_flag": 3, "change_message": ""}}, {"model": "admin.logentry", "pk": 15, "fields": {"action_time": "2022-09-26T14:04:05.653Z", "user": 1, "content_type": 8, "object_id": "1", "object_repr": "StarWars", "action_flag": 3, "change_message": ""}}, {"model": "admin.logentry", "pk": 16, "fields": {"action_time": "2022-09-27T13:15:39.413Z", "user": 1, "content_type": 8, "object_id": "2", "object_repr": "babalu", "action_flag": 2, "change_message": "[{\"changed\": {\"fields\": [\"Is approved\"]}}]"}}, {"model": "admin.logentry", "pk": 17, "fields": {"action_time": "2022-09-27T13:15:51.282Z", "user": 1, "content_type": 8, "object_id": "2", "object_repr": "babalu", "action_flag": 2, "change_message": "[{\"changed\": {\"fields\": [\"Is approved\"]}}]"}}, {"model": "admin.logentry", "pk": 18, "fields": {"action_time": "2022-09-27T14:45:02.200Z", "user": 1, "content_type": 6, "object_id": "20", "object_repr": "mirandafrancesco84@yahoo.net", "action_flag": 3, "change_message": ""}}, {"model": "admin.logentry", "pk": 19, "fields": {"action_time": "2022-09-27T14:45:02.203Z", "user": 1, "content_type": 6, "object_id": "19", "object_repr": "miranda@yahoo.it", "action_flag": 3, "change_message": ""}}, {"model": "admin.logentry", "pk": 20, "fields": {"action_time": "2022-09-27T14:45:02.203Z", "user": 1, "content_type": 6, "object_id": "18", "object_repr": "obi1kenobi@starwars.uk", "action_flag": 3, "change_message": ""}}, {"model": "admin.logentry", "pk": 21, "fields": {"action_time": "2022-09-27T14:45:02.204Z", "user": 1, "content_type": 6, "object_id": "17", "object_repr": "obi1kenobi@starwars.cast", "action_flag": 3, "change_message": ""}}, {"model": "admin.logentry", "pk": 22, "fields": {"action_time": "2022-09-27T14:45:02.205Z", "user": 1, "content_type": 6, "object_id": "16", "object_repr": "obi1kenobi@starwars.it", "action_flag": 3, "change_message": ""}}, {"model": "admin.logentry", "pk": 23, "fields": {"action_time": "2022-09-27T14:45:02.206Z", "user": 1, "content_type": 6, "object_id": "15", "object_repr": "obi1kenobi@starwars.net", "action_flag": 3, "change_message": ""}}, {"model": "admin.logentry", "pk": 24, "fields": {"action_time": "2022-09-27T14:45:02.206Z", "user": 1, "content_type": 6, "object_id": "11", "object_repr": "balu@gmail.com", "action_flag": 3, "change_message": ""}}, {"model": "admin.logentry", "pk": 25, "fields": {"action_time": "2022-09-27T14:45:02.207Z", "user": 1, "content_type": 6, "object_id": "9", "object_repr": "obi1kenobi@starwars.com", "action_flag": 3, "change_message": ""}}, {"model": "admin.logentry", "pk": 26, "fields": {"action_time": "2022-09-27T14:45:02.208Z", "user": 1, "content_type": 6, "object_id": "5", "object_repr": "janedoe@google.com", "action_flag": 3, "change_message": ""}}, {"model": "admin.logentry", "pk": 27, "fields": {"action_time": "2022-09-27T14:45:02.208Z", "user": 1, "content_type": 6, "object_id": "4", "object_repr": "framira@net.com", "action_flag": 3, "change_message": ""}}, {"model": "admin.logentry", "pk": 28, "fields": {"action_time": "2022-09-27T14:45:02.209Z", "user": 1, "content_type": 6, "object_id": "3", "object_repr": "john@net.com", "action_flag": 3, "change_message": ""}}, {"model": "admin.logentry", "pk": 29, "fields": {"action_time": "2022-09-27T14:49:03.491Z", "user": 1, "content_type": 6, "object_id": "6", "object_repr": "lukeSkywalker@starwars.com", "action_flag": 2, "change_message": "[{\"changed\": {\"fields\": [\"password\"]}}]"}}, {"model": "admin.logentry", "pk": 30, "fields": {"action_time": "2022-09-27T14:56:37.255Z", "user": 1, "content_type": 6, "object_id": "6", "object_repr": "lukeSkywalker@starwars.com", "action_flag": 2, "change_message": "[{\"changed\": {\"fields\": [\"password\"]}}]"}}, {"model": "admin.logentry", "pk": 31, "fields": {"action_time": "2022-09-27T15:00:20.839Z", "user": 1, "content_type": 6, "object_id": "6", "object_repr": "lukeSkywalker@starwars.com", "action_flag": 2, "change_message": "[{\"changed\": {\"fields\": [\"Is active\"]}}]"}}, {"model": "admin.logentry", "pk": 32, "fields": {"action_time": "2022-09-27T15:00:26.541Z", "user": 1, "content_type": 6, "object_id": "21", "object_repr": "mirandafrancesco84@yahoo.googlemail", "action_flag": 2, "change_message": "[{\"changed\": {\"fields\": [\"Is active\"]}}]"}}, {"model": "admin.logentry", "pk": 33, "fields": {"action_time": "2022-09-27T15:01:25.359Z", "user": 1, "content_type": 6, "object_id": "6", "object_repr": "lukeSkywalker@starwars.com", "action_flag": 2, "change_message": "[{\"changed\": {\"fields\": [\"password\"]}}]"}}, {"model": "admin.logentry", "pk": 34, "fields": {"action_time": "2022-09-27T15:04:31.895Z", "user": 1, "content_type": 6, "object_id": "22", "object_repr": "balthazar17@yahoo.com", "action_flag": 2, "change_message": "[{\"changed\": {\"fields\": [\"Is active\"]}}]"}}, {"model": "admin.logentry", "pk": 35, "fields": {"action_time": "2022-09-27T15:11:24.392Z", "user": 1, "content_type": 6, "object_id": "22", "object_repr": "balthazar17@yahoo.com", "action_flag": 2, "change_message": "[{\"changed\": {\"fields\": [\"password\"]}}]"}}, {"model": "admin.logentry", "pk": 36, "fields": {"action_time": "2022-09-27T15:12:11.157Z", "user": 1, "content_type": 6, "object_id": "22", "object_repr": "balthazar17@yahoo.com", "action_flag": 3, "change_message": ""}}, {"model": "admin.logentry", "pk": 37, "fields": {"action_time": "2022-09-27T15:12:59.430Z", "user": 1, "content_type": 6, "object_id": "21", "object_repr": "mirandafrancesco84@yahoo.googlemail", "action_flag": 3, "change_message": ""}}, {"model": "admin.logentry", "pk": 38, "fields": {"action_time": "2022-09-27T15:12:59.432Z", "user": 1, "content_type": 6, "object_id": "6", "object_repr": "lukeSkywalker@starwars.com", "action_flag": 3, "change_message": ""}}, {"model": "admin.logentry", "pk": 39, "fields": {"action_time": "2022-09-27T15:15:09.623Z", "user": 1, "content_type": 6, "object_id": "23", "object_repr": "balthazar17@yahoo.com", "action_flag": 2, "change_message": "[{\"changed\": {\"fields\": [\"Is active\"]}}]"}}, {"model": "admin.logentry", "pk": 40, "fields": {"action_time": "2022-09-27T15:15:14.979Z", "user": 1, "content_type": 6, "object_id": "24", "object_repr": "obi1kenobi@starwars.com", "action_flag": 2, "change_message": "[{\"changed\": {\"fields\": [\"Is active\"]}}]"}}, {"model": "admin.logentry", "pk": 41, "fields": {"action_time": "2022-09-28T13:04:04.858Z", "user": 1, "content_type": 6, "object_id": "24", "object_repr": "obi1kenobi@starwars.com", "action_flag": 2, "change_message": "[{\"changed\": {\"fields\": [\"password\"]}}]"}}, {"model": "admin.logentry", "pk": 42, "fields": {"action_time": "2022-09-29T14:09:17.405Z", "user": 1, "content_type": 6, "object_id": "24", "object_repr": "obi1kenobi@starwars.com", "action_flag": 3, "change_message": ""}}, {"model": "admin.logentry", "pk": 43, "fields": {"action_time": "2022-09-29T14:09:17.416Z", "user": 1, "content_type": 6, "object_id": "23", "object_repr": "balthazar17@yahoo.com", "action_flag": 3, "change_message": ""}}, {"model": "admin.logentry", "pk": 44, "fields": {"action_time": "2022-09-29T14:12:51.214Z", "user": 1, "content_type": 6, "object_id": "25", "object_repr": "mirandafrancesco84@gmail.com", "action_flag": 3, "change_message": ""}}, {"model": "admin.logentry", "pk": 45, "fields": {"action_time": "2022-09-29T14:15:47.531Z", "user": 1, "content_type": 6, "object_id": "26", "object_repr": "mirandafrancesco84@gmail.com", "action_flag": 3, "change_message": ""}}, {"model": "admin.logentry", "pk": 46, "fields": {"action_time": "2022-09-29T14:16:39.286Z", "user": 1, "content_type": 6, "object_id": "27", "object_repr": "mirandafrancesco84@gmail.com", "action_flag": 3, "change_message": ""}}, {"model": "admin.logentry", "pk": 47, "fields": {"action_time": "2022-09-29T14:17:09.015Z", "user": 1, "content_type": 6, "object_id": "28", "object_repr": "mirandafrancesco84@gmail.com", "action_flag": 3, "change_message": ""}}, {"model": "admin.logentry", "pk": 48, "fields": {"action_time": "2022-09-29T14:26:17.946Z", "user": 1, "content_type": 6, "object_id": "29", "object_repr": "mirandafrancesco84@gmail.com", "action_flag": 3, "change_message": ""}}, {"model": "admin.logentry", "pk": 49, "fields": {"action_time": "2022-09-29T14:34:10.102Z", "user": 1, "content_type": 6, "object_id": "30", "object_repr": "mirandafrancesco84@gmail.com", "action_flag": 3, "change_message": ""}}, {"model": "admin.logentry", "pk": 50, "fields": {"action_time": "2022-09-29T14:39:35.909Z", "user": 1, "content_type": 6, "object_id": "31", "object_repr": "mirandafrancesco84@gmail.com", "action_flag": 3, "change_message": ""}}, {"model": "admin.logentry", "pk": 51, "fields": {"action_time": "2022-09-29T15:00:45.997Z", "user": 1, "content_type": 6, "object_id": "32", "object_repr": "mirandafrancesco84@gmail.com", "action_flag": 3, "change_message": ""}}, {"model": "admin.logentry", "pk": 52, "fields": {"action_time": "2022-09-29T15:14:10.637Z", "user": 1, "content_type": 6, "object_id": "33", "object_repr": "mirandafrancesco84@gmail.com", "action_flag": 3, "change_message": ""}}, {"model": "admin.logentry", "pk": 53, "fields": {"action_time": "2022-09-29T15:15:37.323Z", "user": 1, "content_type": 6, "object_id": "34", "object_repr": "mirandafrancesco84@gmail.com", "action_flag": 3, "change_message": ""}}, {"model": "admin.logentry", "pk": 54, "fields": {"action_time": "2022-09-29T15:16:03.445Z", "user": 1, "content_type": 6, "object_id": "35", "object_repr": "mirandafrancesco84@gmail.com", "action_flag": 3, "change_message": ""}}, {"model": "admin.logentry", "pk": 55, "fields": {"action_time": "2022-09-29T15:18:14.146Z", "user": 1, "content_type": 6, "object_id": "36", "object_repr": "mirandafrancesco84@gmail.com", "action_flag": 3, "change_message": ""}}, {"model": "admin.logentry", "pk": 56, "fields": {"action_time": "2022-09-29T15:18:35.462Z", "user": 1, "content_type": 6, "object_id": "37", "object_repr": "mirandafrancesco84@gmail.com", "action_flag": 3, "change_message": ""}}, {"model": "admin.logentry", "pk": 57, "fields": {"action_time": "2022-09-29T15:30:42.739Z", "user": 1, "content_type": 6, "object_id": "38", "object_repr": "mirandafrancesco84@gmail.com", "action_flag": 3, "change_message": ""}}, {"model": "admin.logentry", "pk": 58, "fields": {"action_time": "2022-09-29T15:35:13.827Z", "user": 1, "content_type": 6, "object_id": "39", "object_repr": "mirandafrancesco84@gmail.com", "action_flag": 3, "change_message": ""}}, {"model": "admin.logentry", "pk": 59, "fields": {"action_time": "2022-09-29T15:39:24.319Z", "user": 1, "content_type": 6, "object_id": "40", "object_repr": "mirandafrancesco84@gmail.com", "action_flag": 2, "change_message": "[{\"changed\": {\"fields\": [\"password\"]}}]"}}, {"model": "admin.logentry", "pk": 60, "fields": {"action_time": "2022-09-29T15:40:11.683Z", "user": 1, "content_type": 6, "object_id": "40", "object_repr": "mirandafrancesco84@gmail.com", "action_flag": 2, "change_message": "[{\"changed\": {\"fields\": [\"Is active\"]}}]"}}, {"model": "admin.logentry", "pk": 61, "fields": {"action_time": "2022-09-29T15:45:16.457Z", "user": 1, "content_type": 6, "object_id": "40", "object_repr": "mirandafrancesco84@gmail.com", "action_flag": 3, "change_message": ""}}, {"model": "admin.logentry", "pk": 62, "fields": {"action_time": "2022-09-29T16:02:22.430Z", "user": 1, "content_type": 6, "object_id": "41", "object_repr": "mirandafrancesco84@gmail.com", "action_flag": 3, "change_message": ""}}, {"model": "admin.logentry", "pk": 63, "fields": {"action_time": "2022-09-29T16:08:36.938Z", "user": 1, "content_type": 6, "object_id": "42", "object_repr": "mirandafrancesco84@gmail.com", "action_flag": 3, "change_message": ""}}, {"model": "admin.logentry", "pk": 64, "fields": {"action_time": "2022-09-29T16:10:44.847Z", "user": 1, "content_type": 6, "object_id": "43", "object_repr": "mirandafrancesco84@gmail.com", "action_flag": 3, "change_message": ""}}, {"model": "admin.logentry", "pk": 65, "fields": {"action_time": "2022-09-29T16:17:27.536Z", "user": 1, "content_type": 6, "object_id": "44", "object_repr": "mirandafrancesco84@gmail.com", "action_flag": 3, "change_message": ""}}, {"model": "admin.logentry", "pk": 66, "fields": {"action_time": "2022-09-29T16:27:19.756Z", "user": 1, "content_type": 6, "object_id": "45", "object_repr": "mirandafrancesco84@gmail.com", "action_flag": 3, "change_message": ""}}, {"model": "admin.logentry", "pk": 67, "fields": {"action_time": "2022-09-29T16:43:21.351Z", "user": 1, "content_type": 6, "object_id": "46", "object_repr": "mirandafrancesco84@gmail.com", "action_flag": 3, "change_message": ""}}, {"model": "admin.logentry", "pk": 68, "fields": {"action_time": "2022-09-29T16:44:42.112Z", "user": 1, "content_type": 6, "object_id": "47", "object_repr": "mirandafrancesco84@gmail.com", "action_flag": 3, "change_message": ""}}, {"model": "admin.logentry", "pk": 69, "fields": {"action_time": "2022-09-29T18:02:00.629Z", "user": 1, "content_type": 6, "object_id": "48", "object_repr": "mirandafrancesco84@gmail.com", "action_flag": 3, "change_message": ""}}, {"model": "admin.logentry", "pk": 70, "fields": {"action_time": "2022-09-29T18:26:36.099Z", "user": 1, "content_type": 6, "object_id": "49", "object_repr": "mirandafrancesco84@gmail.com", "action_flag": 3, "change_message": ""}}, {"model": "admin.logentry", "pk": 71, "fields": {"action_time": "2022-09-29T18:29:19.104Z", "user": 1, "content_type": 6, "object_id": "50", "object_repr": "mirandafrancesco84@gmail.com", "action_flag": 3, "change_message": ""}}, {"model": "admin.logentry", "pk": 72, "fields": {"action_time": "2022-09-29T18:34:49.626Z", "user": 1, "content_type": 6, "object_id": "51", "object_repr": "mirandafrancesco84@gmail.com", "action_flag": 3, "change_message": ""}}, {"model": "admin.logentry", "pk": 73, "fields": {"action_time": "2022-09-29T18:49:10.401Z", "user": 1, "content_type": 6, "object_id": "52", "object_repr": "mirandafrancesco84@gmail.com", "action_flag": 3, "change_message": ""}}, {"model": "admin.logentry", "pk": 74, "fields": {"action_time": "2022-09-29T19:06:10.263Z", "user": 1, "content_type": 6, "object_id": "53", "object_repr": "mirandafrancesco84@gmail.com", "action_flag": 3, "change_message": ""}}, {"model": "admin.logentry", "pk": 75, "fields": {"action_time": "2022-09-29T19:09:17.401Z", "user": 1, "content_type": 6, "object_id": "54", "object_repr": "mirandafrancesco84@gmail.com", "action_flag": 3, "change_message": ""}}, {"model": "admin.logentry", "pk": 76, "fields": {"action_time": "2022-09-29T19:29:27.365Z", "user": 1, "content_type": 6, "object_id": "55", "object_repr": "mirandafrancesco84@gmail.com", "action_flag": 3, "change_message": ""}}, {"model": "admin.logentry", "pk": 77, "fields": {"action_time": "2022-09-29T19:32:01.292Z", "user": 1, "content_type": 6, "object_id": "56", "object_repr": "mirandafrancesco84@gmail.com", "action_flag": 3, "change_message": ""}}, {"model": "admin.logentry", "pk": 78, "fields": {"action_time": "2022-09-29T19:32:57.089Z", "user": 1, "content_type": 6, "object_id": "57", "object_repr": "mirandafrancesco84@gmail.com", "action_flag": 3, "change_message": ""}}, {"model": "admin.logentry", "pk": 79, "fields": {"action_time": "2022-09-29T22:31:24.429Z", "user": 1, "content_type": 6, "object_id": "58", "object_repr": "mirandafrancesco84@gmail.com", "action_flag": 3, "change_message": ""}}, {"model": "admin.logentry", "pk": 80, "fields": {"action_time": "2022-09-29T23:07:27.978Z", "user": 1, "content_type": 6, "object_id": "59", "object_repr": "mirandafrancesco84@gmail.com", "action_flag": 3, "change_message": ""}}, {"model": "admin.logentry", "pk": 81, "fields": {"action_time": "2022-09-29T23:30:43.554Z", "user": 1, "content_type": 6, "object_id": "60", "object_repr": "mirandafrancesco84@gmail.com", "action_flag": 3, "change_message": ""}}, {"model": "admin.logentry", "pk": 82, "fields": {"action_time": "2022-09-29T23:32:00.722Z", "user": 1, "content_type": 6, "object_id": "61", "object_repr": "mirandafrancesco84@gmail.com", "action_flag": 3, "change_message": ""}}, {"model": "admin.logentry", "pk": 83, "fields": {"action_time": "2022-09-29T23:33:05.837Z", "user": 1, "content_type": 6, "object_id": "62", "object_repr": "mirandafrancesco84@gmail.com", "action_flag": 3, "change_message": ""}}, {"model": "admin.logentry", "pk": 84, "fields": {"action_time": "2022-09-30T00:11:17.156Z", "user": 1, "content_type": 6, "object_id": "63", "object_repr": "mirandafrancesco84@gmail.com", "action_flag": 3, "change_message": ""}}, {"model": "admin.logentry", "pk": 85, "fields": {"action_time": "2022-09-30T00:24:38.306Z", "user": 1, "content_type": 6, "object_id": "64", "object_repr": "mirandafrancesco84@gmail.com", "action_flag": 3, "change_message": ""}}, {"model": "admin.logentry", "pk": 86, "fields": {"action_time": "2022-09-30T00:27:28.378Z", "user": 1, "content_type": 6, "object_id": "65", "object_repr": "mirandafrancesco84@gmail.com", "action_flag": 3, "change_message": ""}}, {"model": "admin.logentry", "pk": 87, "fields": {"action_time": "2022-09-30T00:29:36.881Z", "user": 1, "content_type": 6, "object_id": "66", "object_repr": "mirandafrancesco84@gmail.com", "action_flag": 3, "change_message": ""}}, {"model": "admin.logentry", "pk": 88, "fields": {"action_time": "2022-09-30T00:51:06.503Z", "user": 1, "content_type": 6, "object_id": "67", "object_repr": "mirandafrancesco84@gmail.com", "action_flag": 3, "change_message": ""}}, {"model": "admin.logentry", "pk": 89, "fields": {"action_time": "2022-09-30T00:58:24.220Z", "user": 1, "content_type": 6, "object_id": "68", "object_repr": "mirandafrancesco84@gmail.com", "action_flag": 3, "change_message": ""}}, {"model": "admin.logentry", "pk": 90, "fields": {"action_time": "2022-09-30T01:01:09.899Z", "user": 1, "content_type": 6, "object_id": "69", "object_repr": "mirandafrancesco84@gmail.com", "action_flag": 3, "change_message": ""}}, {"model": "admin.logentry", "pk": 91, "fields": {"action_time": "2022-09-30T01:10:37.743Z", "user": 1, "content_type": 6, "object_id": "70", "object_repr": "mirandafrancesco84@gmail.com", "action_flag": 3, "change_message": ""}}, {"model": "admin.logentry", "pk": 92, "fields": {"action_time": "2022-09-30T01:11:35.479Z", "user": 1, "content_type": 6, "object_id": "71", "object_repr": "mirandafrancesco84@gmail.com", "action_flag": 3, "change_message": ""}}, {"model": "admin.logentry", "pk": 93, "fields": {"action_time": "2022-09-30T01:12:41.661Z", "user": 1, "content_type": 6, "object_id": "72", "object_repr": "mirandafrancesco84@gmail.com", "action_flag": 3, "change_message": ""}}, {"model": "admin.logentry", "pk": 94, "fields": {"action_time": "2022-09-30T01:13:12.519Z", "user": 1, "content_type": 6, "object_id": "73", "object_repr": "mirandafrancesco84@gmail.com", "action_flag": 3, "change_message": ""}}, {"model": "admin.logentry", "pk": 95, "fields": {"action_time": "2022-09-30T01:13:54.250Z", "user": 1, "content_type": 6, "object_id": "74", "object_repr": "mirandafrancesco84@gmail.com", "action_flag": 3, "change_message": ""}}, {"model": "admin.logentry", "pk": 96, "fields": {"action_time": "2022-09-30T01:16:40.080Z", "user": 1, "content_type": 6, "object_id": "75", "object_repr": "mirandafrancesco84@gmail.com", "action_flag": 3, "change_message": ""}}, {"model": "admin.logentry", "pk": 97, "fields": {"action_time": "2022-09-30T01:32:56.854Z", "user": 1, "content_type": 6, "object_id": "76", "object_repr": "mirandafrancesco84@gmail.com", "action_flag": 3, "change_message": ""}}, {"model": "admin.logentry", "pk": 98, "fields": {"action_time": "2022-09-30T10:19:28.358Z", "user": 1, "content_type": 6, "object_id": "77", "object_repr": "mirandafrancesco84@gmail.com", "action_flag": 3, "change_message": ""}}, {"model": "admin.logentry", "pk": 99, "fields": {"action_time": "2022-09-30T10:49:35.509Z", "user": 1, "content_type": 6, "object_id": "78", "object_repr": "mirandafrancesco84@gmail.com", "action_flag": 3, "change_message": ""}}, {"model": "admin.logentry", "pk": 100, "fields": {"action_time": "2022-09-30T10:52:06.116Z", "user": 1, "content_type": 6, "object_id": "79", "object_repr": "mirandafrancesco84@gmail.com", "action_flag": 3, "change_message": ""}}, {"model": "admin.logentry", "pk": 101, "fields": {"action_time": "2022-09-30T11:03:52.859Z", "user": 1, "content_type": 6, "object_id": "80", "object_repr": "mirandafrancesco84@gmail.com", "action_flag": 3, "change_message": ""}}, {"model": "admin.logentry", "pk": 102, "fields": {"action_time": "2022-09-30T11:06:09.053Z", "user": 1, "content_type": 6, "object_id": "81", "object_repr": "mirandafrancesco84@gmail.com", "action_flag": 3, "change_message": ""}}, {"model": "admin.logentry", "pk": 103, "fields": {"action_time": "2022-09-30T11:16:09.467Z", "user": 1, "content_type": 6, "object_id": "82", "object_repr": "mirandafrancesco84@gmail.com", "action_flag": 3, "change_message": ""}}, {"model": "admin.logentry", "pk": 104, "fields": {"action_time": "2022-09-30T11:21:07.972Z", "user": 1, "content_type": 6, "object_id": "83", "object_repr": "mirandafrancesco84@gmail.com", "action_flag": 3, "change_message": ""}}, {"model": "admin.logentry", "pk": 105, "fields": {"action_time": "2022-09-30T11:24:45.440Z", "user": 1, "content_type": 6, "object_id": "84", "object_repr": "mirandafrancesco84@gmail.com", "action_flag": 3, "change_message": ""}}, {"model": "admin.logentry", "pk": 106, "fields": {"action_time": "2022-09-30T11:29:59.772Z", "user": 1, "content_type": 6, "object_id": "85", "object_repr": "mirandafrancesco84@gmail.com", "action_flag": 3, "change_message": ""}}, {"model": "admin.logentry", "pk": 107, "fields": {"action_time": "2022-09-30T11:31:13.643Z", "user": 1, "content_type": 6, "object_id": "86", "object_repr": "mirandafrancesco84@gmail.com", "action_flag": 3, "change_message": ""}}, {"model": "admin.logentry", "pk": 108, "fields": {"action_time": "2022-09-30T12:14:33.767Z", "user": 1, "content_type": 6, "object_id": "87", "object_repr": "mirandafrancesco84@gmail.com", "action_flag": 3, "change_message": ""}}, {"model": "admin.logentry", "pk": 109, "fields": {"action_time": "2022-09-30T12:23:34.412Z", "user": 1, "content_type": 6, "object_id": "88", "object_repr": "mirandafrancesco84@gmail.com", "action_flag": 3, "change_message": ""}}, {"model": "admin.logentry", "pk": 110, "fields": {"action_time": "2022-09-30T12:25:32.814Z", "user": 1, "content_type": 6, "object_id": "89", "object_repr": "mirandafrancesco84@gmail.com", "action_flag": 3, "change_message": ""}}, {"model": "admin.logentry", "pk": 111, "fields": {"action_time": "2022-09-30T12:27:15.699Z", "user": 1, "content_type": 6, "object_id": "90", "object_repr": "mirandafrancesco84@gmail.com", "action_flag": 3, "change_message": ""}}, {"model": "admin.logentry", "pk": 112, "fields": {"action_time": "2022-09-30T12:29:48.866Z", "user": 1, "content_type": 6, "object_id": "91", "object_repr": "mirandafrancesco84@gmail.com", "action_flag": 3, "change_message": ""}}, {"model": "admin.logentry", "pk": 113, "fields": {"action_time": "2022-09-30T12:36:02.960Z", "user": 1, "content_type": 6, "object_id": "92", "object_repr": "mirandafrancesco84@gmail.com", "action_flag": 3, "change_message": ""}}, {"model": "admin.logentry", "pk": 114, "fields": {"action_time": "2022-09-30T12:46:53.128Z", "user": 1, "content_type": 6, "object_id": "93", "object_repr": "mirandafrancesco84@gmail.com", "action_flag": 3, "change_message": ""}}, {"model": "admin.logentry", "pk": 115, "fields": {"action_time": "2022-09-30T12:53:34.877Z", "user": 1, "content_type": 6, "object_id": "94", "object_repr": "mirandafrancesco84@gmail.com", "action_flag": 3, "change_message": ""}}, {"model": "admin.logentry", "pk": 116, "fields": {"action_time": "2022-09-30T13:03:02.471Z", "user": 1, "content_type": 6, "object_id": "95", "object_repr": "mirandafrancesco84@gmail.com", "action_flag": 3, "change_message": ""}}, {"model": "admin.logentry", "pk": 117, "fields": {"action_time": "2022-09-30T13:04:15.208Z", "user": 1, "content_type": 6, "object_id": "96", "object_repr": "mirandafrancesco84@gmail.com", "action_flag": 3, "change_message": ""}}, {"model": "admin.logentry", "pk": 118, "fields": {"action_time": "2022-09-30T13:41:18.541Z", "user": 1, "content_type": 6, "object_id": "97", "object_repr": "mirandafrancesco84@gmail.com", "action_flag": 3, "change_message": ""}}, {"model": "admin.logentry", "pk": 119, "fields": {"action_time": "2022-10-03T15:16:30.691Z", "user": 1, "content_type": 6, "object_id": "98", "object_repr": "towpath_helper@yahoo.com", "action_flag": 3, "change_message": ""}}, {"model": "admin.logentry", "pk": 120, "fields": {"action_time": "2022-10-03T15:19:03.042Z", "user": 1, "content_type": 6, "object_id": "99", "object_repr": "towpath_helper@yahoo.com", "action_flag": 3, "change_message": ""}}, {"model": "admin.logentry", "pk": 121, "fields": {"action_time": "2022-10-03T15:22:16.861Z", "user": 1, "content_type": 6, "object_id": "100", "object_repr": "towpath_helper@yahoo.com", "action_flag": 3, "change_message": ""}}, {"model": "admin.logentry", "pk": 122, "fields": {"action_time": "2022-10-03T15:23:01.150Z", "user": 1, "content_type": 6, "object_id": "101", "object_repr": "towpath_helper@yahoo.com", "action_flag": 3, "change_message": ""}}, {"model": "admin.logentry", "pk": 123, "fields": {"action_time": "2022-10-03T15:28:50.866Z", "user": 1, "content_type": 6, "object_id": "102", "object_repr": "towpath_helper@yahoo.com", "action_flag": 3, "change_message": ""}}, {"model": "admin.logentry", "pk": 124, "fields": {"action_time": "2022-10-03T15:29:34.508Z", "user": 1, "content_type": 6, "object_id": "103", "object_repr": "towpath_helper@yahoo.com", "action_flag": 3, "change_message": ""}}, {"model": "admin.logentry", "pk": 125, "fields": {"action_time": "2022-10-03T15:32:23.398Z", "user": 1, "content_type": 6, "object_id": "104", "object_repr": "towpath_helper@yahoo.com", "action_flag": 3, "change_message": ""}}, {"model": "admin.logentry", "pk": 126, "fields": {"action_time": "2022-10-03T16:22:14.247Z", "user": 1, "content_type": 6, "object_id": "105", "object_repr": "towpath_helper@yahoo.com", "action_flag": 3, "change_message": ""}}, {"model": "admin.logentry", "pk": 127, "fields": {"action_time": "2022-10-03T16:28:59.236Z", "user": 1, "content_type": 6, "object_id": "106", "object_repr": "towpath_helper@yahoo.com", "action_flag": 3, "change_message": ""}}, {"model": "admin.logentry", "pk": 128, "fields": {"action_time": "2022-10-03T16:30:07.947Z", "user": 1, "content_type": 6, "object_id": "107", "object_repr": "mirandafrancesco84@gmail.com", "action_flag": 3, "change_message": ""}}, {"model": "admin.logentry", "pk": 129, "fields": {"action_time": "2022-10-04T10:04:27.802Z", "user": 1, "content_type": 6, "object_id": "108", "object_repr": "towpath_helper@yahoo.com", "action_flag": 3, "change_message": ""}}, {"model": "admin.logentry", "pk": 130, "fields": {"action_time": "2022-10-04T10:48:34.106Z", "user": 1, "content_type": 8, "object_id": "5", "object_repr": "Coal @ Fuel", "action_flag": 2, "change_message": "[]"}}, {"model": "admin.logentry", "pk": 131, "fields": {"action_time": "2022-10-04T10:48:46.754Z", "user": 1, "content_type": 8, "object_id": "5", "object_repr": "Coal @ Fuel", "action_flag": 2, "change_message": "[]"}}, {"model": "admin.logentry", "pk": 132, "fields": {"action_time": "2022-10-04T10:49:04.349Z", "user": 1, "content_type": 8, "object_id": "5", "object_repr": "Coal @ Fuel", "action_flag": 2, "change_message": "[{\"changed\": {\"fields\": [\"Is approved\"]}}]"}}, {"model": "admin.logentry", "pk": 133, "fields": {"action_time": "2022-10-04T10:49:20.553Z", "user": 1, "content_type": 8, "object_id": "5", "object_repr": "Coal @ Fuel", "action_flag": 2, "change_message": "[{\"changed\": {\"fields\": [\"Is approved\"]}}]"}}, {"model": "admin.logentry", "pk": 134, "fields": {"action_time": "2022-10-05T19:01:27.823Z", "user": 1, "content_type": 6, "object_id": "110", "object_repr": "mirandafrancesco84@gmail.com", "action_flag": 2, "change_message": "[{\"changed\": {\"fields\": [\"Username\"]}}]"}}, {"model": "admin.logentry", "pk": 135, "fields": {"action_time": "2022-10-24T14:45:25.313Z", "user": 1, "content_type": 6, "object_id": "110", "object_repr": "mirandafrancesco84@gmail.com", "action_flag": 2, "change_message": "[{\"changed\": {\"fields\": [\"password\"]}}]"}}, {"model": "admin.logentry", "pk": 136, "fields": {"action_time": "2022-10-24T14:52:46.168Z", "user": 1, "content_type": 6, "object_id": "109", "object_repr": "towpath_helper@yahoo.com", "action_flag": 2, "change_message": "[{\"changed\": {\"fields\": [\"password\"]}}]"}}, {"model": "admin.logentry", "pk": 137, "fields": {"action_time": "2022-10-24T16:18:30.846Z", "user": 1, "content_type": 7, "object_id": "109", "object_repr": "towpath_helper@yahoo.com", "action_flag": 2, "change_message": "[{\"changed\": {\"fields\": [\"Address line 1\"]}}]"}}, {"model": "admin.logentry", "pk": 138, "fields": {"action_time": "2022-10-24T16:21:54.107Z", "user": 1, "content_type": 7, "object_id": "109", "object_repr": "towpath_helper@yahoo.com", "action_flag": 2, "change_message": "[{\"changed\": {\"fields\": [\"Address line 1\", \"Address line 2\"]}}]"}}, {"model": "admin.logentry", "pk": 139, "fields": {"action_time": "2022-10-24T16:24:39.061Z", "user": 1, "content_type": 7, "object_id": "109", "object_repr": "towpath_helper@yahoo.com", "action_flag": 2, "change_message": "[{\"changed\": {\"fields\": [\"Profile picture\"]}}]"}}, {"model": "admin.logentry", "pk": 140, "fields": {"action_time": "2022-10-24T16:28:27.258Z", "user": 1, "content_type": 7, "object_id": "109", "object_repr": "towpath_helper@yahoo.com", "action_flag": 2, "change_message": "[{\"changed\": {\"fields\": [\"Cover photo\"]}}]"}}, {"model": "admin.logentry", "pk": 141, "fields": {"action_time": "2022-10-24T16:28:50.776Z", "user": 1, "content_type": 7, "object_id": "109", "object_repr": "towpath_helper@yahoo.com", "action_flag": 2, "change_message": "[{\"changed\": {\"fields\": [\"Cover photo\"]}}]"}}, {"model": "admin.logentry", "pk": 142, "fields": {"action_time": "2022-10-25T10:59:45.107Z", "user": 1, "content_type": 7, "object_id": "109", "object_repr": "towpath_helper@yahoo.com", "action_flag": 2, "change_message": "[{\"changed\": {\"fields\": [\"Country\", \"State\", \"City\", \"Pin code\", \"Latitude\", \"Longitude\"]}}]"}}, {"model": "admin.logentry", "pk": 143, "fields": {"action_time": "2022-10-26T10:43:00.856Z", "user": 1, "content_type": 7, "object_id": "109", "object_repr": "towpath_helper@yahoo.com", "action_flag": 2, "change_message": "[{\"changed\": {\"fields\": [\"Address\"]}}]"}}, {"model": "admin.logentry", "pk": 144, "fields": {"action_time": "2022-10-26T18:46:14.119Z", "user": 1, "content_type": 7, "object_id": "109", "object_repr": "towpath_helper@yahoo.com", "action_flag": 2, "change_message": "[{\"changed\": {\"fields\": [\"Address\", \"Country\", \"State\", \"City\", \"Pin code\", \"Latitude\", \"Longitude\"]}}]"}}, {"model": "admin.logentry", "pk": 145, "fields": {"action_time": "2022-10-26T19:06:14.082Z", "user": 1, "content_type": 7, "object_id": "109", "object_repr": "towpath_helper@yahoo.com", "action_flag": 2, "change_message": "[{\"changed\": {\"fields\": [\"Profile picture\", \"Cover photo\"]}}]"}}, {"model": "admin.logentry", "pk": 146, "fields": {"action_time": "2022-10-26T19:10:33.522Z", "user": 1, "content_type": 7, "object_id": "109", "object_repr": "towpath_helper@yahoo.com", "action_flag": 2, "change_message": "[{\"changed\": {\"fields\": [\"Profile picture\", \"Cover photo\"]}}]"}}, {"model": "admin.logentry", "pk": 147, "fields": {"action_time": "2022-10-26T19:24:02.054Z", "user": 1, "content_type": 6, "object_id": "109", "object_repr": "towpath_helper@yahoo.com", "action_flag": 3, "change_message": ""}}, {"model": "admin.logentry", "pk": 148, "fields": {"action_time": "2022-10-26T20:28:29.111Z", "user": 1, "content_type": 7, "object_id": "110", "object_repr": "mirandafrancesco84@gmail.com", "action_flag": 2, "change_message": "[{\"changed\": {\"fields\": [\"Cover photo\"]}}]"}}, {"model": "admin.logentry", "pk": 149, "fields": {"action_time": "2022-10-26T20:30:30.511Z", "user": 1, "content_type": 7, "object_id": "110", "object_repr": "mirandafrancesco84@gmail.com", "action_flag": 2, "change_message": "[{\"changed\": {\"fields\": [\"Cover photo\"]}}]"}}, {"model": "admin.logentry", "pk": 150, "fields": {"action_time": "2022-10-26T20:30:47.817Z", "user": 1, "content_type": 7, "object_id": "111", "object_repr": "towpath_helper@yahoo.com", "action_flag": 2, "change_message": "[{\"changed\": {\"fields\": [\"Cover photo\"]}}]"}}, {"model": "admin.logentry", "pk": 151, "fields": {"action_time": "2022-10-26T20:31:26.613Z", "user": 1, "content_type": 7, "object_id": "111", "object_repr": "towpath_helper@yahoo.com", "action_flag": 2, "change_message": "[{\"changed\": {\"fields\": [\"Profile picture\"]}}]"}}, {"model": "admin.logentry", "pk": 152, "fields": {"action_time": "2022-10-26T20:58:14.932Z", "user": 1, "content_type": 8, "object_id": "6", "object_repr": "Fuel @ Coal", "action_flag": 2, "change_message": "[{\"changed\": {\"fields\": [\"Is approved\"]}}]"}}, {"model": "admin.logentry", "pk": 153, "fields": {"action_time": "2022-10-26T21:00:59.929Z", "user": 1, "content_type": 6, "object_id": "111", "object_repr": "towpath_helper@yahoo.com", "action_flag": 3, "change_message": ""}}, {"model": "admin.logentry", "pk": 154, "fields": {"action_time": "2022-10-26T21:02:37.486Z", "user": 1, "content_type": 6, "object_id": "112", "object_repr": "towpath_helper@yahoo.com", "action_flag": 3, "change_message": ""}}, {"model": "admin.logentry", "pk": 155, "fields": {"action_time": "2022-10-26T21:09:35.056Z", "user": 1, "content_type": 7, "object_id": "113", "object_repr": "towpath_helper@yahoo.com", "action_flag": 2, "change_message": "[{\"changed\": {\"fields\": [\"Profile picture\", \"Cover photo\"]}}]"}}, {"model": "admin.logentry", "pk": 156, "fields": {"action_time": "2022-10-26T21:10:27.762Z", "user": 1, "content_type": 8, "object_id": "8", "object_repr": "Fuel @ Coal", "action_flag": 2, "change_message": "[{\"changed\": {\"fields\": [\"Is approved\"]}}]"}}, {"model": "admin.logentry", "pk": 157, "fields": {"action_time": "2022-10-26T21:19:34.546Z", "user": 1, "content_type": 7, "object_id": "113", "object_repr": "towpath_helper@yahoo.com", "action_flag": 2, "change_message": "[{\"changed\": {\"fields\": [\"Profile picture\", \"Cover photo\"]}}]"}}, {"model": "admin.logentry", "pk": 158, "fields": {"action_time": "2022-10-26T21:23:43.283Z", "user": 1, "content_type": 7, "object_id": "113", "object_repr": "towpath_helper@yahoo.com", "action_flag": 2, "change_message": "[{\"changed\": {\"fields\": [\"Profile picture\"]}}]"}}, {"model": "admin.logentry", "pk": 159, "fields": {"action_time": "2022-10-26T21:25:14.060Z", "user": 1, "content_type": 7, "object_id": "113", "object_repr": "towpath_helper@yahoo.com", "action_flag": 2, "change_message": "[{\"changed\": {\"fields\": [\"Cover photo\"]}}]"}}, {"model": "admin.logentry", "pk": 160, "fields": {"action_time": "2022-10-26T21:26:26.768Z", "user": 1, "content_type": 7, "object_id": "113", "object_repr": "towpath_helper@yahoo.com", "action_flag": 2, "change_message": "[]"}}, {"model": "admin.logentry", "pk": 161, "fields": {"action_time": "2022-10-26T21:41:04.496Z", "user": 1, "content_type": 7, "object_id": "113", "object_repr": "towpath_helper@yahoo.com", "action_flag": 2, "change_message": "[{\"changed\": {\"fields\": [\"Profile picture\", \"Cover photo\", \"Address\", \"City\", \"Pin code\"]}}]"}}, {"model": "admin.logentry", "pk": 162, "fields": {"action_time": "2022-10-26T22:07:29.023Z", "user": 1, "content_type": 7, "object_id": "113", "object_repr": "towpath_helper@yahoo.com", "action_flag": 2, "change_message": "[]"}}, {"model": "admin.logentry", "pk": 163, "fields": {"action_time": "2022-10-27T00:01:05.468Z", "user": 1, "content_type": 6, "object_id": "113", "object_repr": "towpath_helper@yahoo.com", "action_flag": 3, "change_message": ""}}, {"model": "admin.logentry", "pk": 164, "fields": {"action_time": "2022-10-27T16:01:09.451Z", "user": 1, "content_type": 10, "object_id": "1", "object_repr": "Coal", "action_flag": 1, "change_message": "[{\"added\": {}}]"}}, {"model": "admin.logentry", "pk": 165, "fields": {"action_time": "2022-10-27T16:01:36.417Z", "user": 1, "content_type": 10, "object_id": "2", "object_repr": "Fuel", "action_flag": 1, "change_message": "[{\"added\": {}}]"}}, {"model": "admin.logentry", "pk": 166, "fields": {"action_time": "2022-10-27T16:02:05.650Z", "user": 1, "content_type": 10, "object_id": "3", "object_repr": "Logs", "action_flag": 1, "change_message": "[{\"added\": {}}]"}}, {"model": "admin.logentry", "pk": 167, "fields": {"action_time": "2022-10-27T16:03:09.299Z", "user": 1, "content_type": 10, "object_id": "4", "object_repr": "Eco Coal", "action_flag": 1, "change_message": "[{\"added\": {}}]"}}, {"model": "admin.logentry", "pk": 168, "fields": {"action_time": "2022-10-28T11:45:54.741Z", "user": 1, "content_type": 9, "object_id": "1", "object_repr": "Home Buzzer", "action_flag": 1, "change_message": "[{\"added\": {}}]"}}, {"model": "admin.logentry", "pk": 169, "fields": {"action_time": "2022-10-28T11:46:45.995Z", "user": 1, "content_type": 9, "object_id": "2", "object_repr": "real wood", "action_flag": 1, "change_message": "[{\"added\": {}}]"}}, {"model": "admin.logentry", "pk": 170, "fields": {"action_time": "2022-10-28T11:47:20.266Z", "user": 1, "content_type": 9, "object_id": "3", "object_repr": "Red", "action_flag": 1, "change_message": "[{\"added\": {}}]"}}, {"model": "admin.logentry", "pk": 171, "fields": {"action_time": "2022-10-28T11:47:41.605Z", "user": 1, "content_type": 9, "object_id": "4", "object_repr": "buzzer", "action_flag": 1, "change_message": "[{\"added\": {}}]"}}, {"model": "admin.logentry", "pk": 172, "fields": {"action_time": "2022-10-28T13:35:50.554Z", "user": 1, "content_type": 10, "object_id": "4", "object_repr": "Eco Coal", "action_flag": 2, "change_message": "[{\"changed\": {\"fields\": [\"Description\"]}}]"}}, {"model": "admin.logentry", "pk": 173, "fields": {"action_time": "2022-10-28T13:36:08.915Z", "user": 1, "content_type": 10, "object_id": "4", "object_repr": "Eco Coal", "action_flag": 2, "change_message": "[{\"changed\": {\"fields\": [\"Description\"]}}]"}}, {"model": "admin.logentry", "pk": 174, "fields": {"action_time": "2022-10-28T14:02:38.923Z", "user": 1, "content_type": 9, "object_id": "5", "object_repr": "test coal2", "action_flag": 1, "change_message": "[{\"added\": {}}]"}}, {"model": "admin.logentry", "pk": 175, "fields": {"action_time": "2022-10-28T14:12:26.630Z", "user": 1, "content_type": 10, "object_id": "5", "object_repr": "Test", "action_flag": 1, "change_message": "[{\"added\": {}}]"}}, {"model": "admin.logentry", "pk": 176, "fields": {"action_time": "2022-11-01T13:55:01.547Z", "user": 1, "content_type": 6, "object_id": "110", "object_repr": "mirandafrancesco84@gmail.com", "action_flag": 3, "change_message": ""}}, {"model": "admin.logentry", "pk": 177, "fields": {"action_time": "2022-11-01T14:48:15.695Z", "user": 1, "content_type": 6, "object_id": "115", "object_repr": "mirandafrancesco84@gmail.com", "action_flag": 3, "change_message": ""}}, {"model": "admin.logentry", "pk": 178, "fields": {"action_time": "2022-11-01T14:50:42.263Z", "user": 1, "content_type": 8, "object_id": "9", "object_repr": "Fuel @ Coal", "action_flag": 2, "change_message": "[{\"changed\": {\"fields\": [\"Is approved\"]}}]"}}, {"model": "admin.logentry", "pk": 179, "fields": {"action_time": "2022-11-01T21:35:38.364Z", "user": 1, "content_type": 7, "object_id": "114", "object_repr": "towpath_helper@yahoo.com", "action_flag": 2, "change_message": "[{\"changed\": {\"fields\": [\"Pin code\"]}}]"}}, {"model": "admin.logentry", "pk": 180, "fields": {"action_time": "2022-11-01T22:09:34.510Z", "user": 1, "content_type": 8, "object_id": "9", "object_repr": "Fuel And Coal", "action_flag": 2, "change_message": "[{\"changed\": {\"fields\": [\"Vendor name\", \"Vendor slug\"]}}]"}}, {"model": "admin.logentry", "pk": 181, "fields": {"action_time": "2022-11-01T22:17:58.895Z", "user": 1, "content_type": 6, "object_id": "116", "object_repr": "mirandafrancesco84@gmail.com", "action_flag": 3, "change_message": ""}}, {"model": "admin.logentry", "pk": 182, "fields": {"action_time": "2022-11-01T22:20:30.796Z", "user": 1, "content_type": 6, "object_id": "117", "object_repr": "mirandafrancesco84@gmail.com", "action_flag": 3, "change_message": ""}}, {"model": "admin.logentry", "pk": 183, "fields": {"action_time": "2022-11-01T22:23:37.737Z", "user": 1, "content_type": 6, "object_id": "118", "object_repr": "mirandafrancesco84@gmail.com", "action_flag": 3, "change_message": ""}}, {"model": "admin.logentry", "pk": 184, "fields": {"action_time": "2022-11-02T13:38:13.457Z", "user": 1, "content_type": 10, "object_id": "6", "object_repr": "Test Add Category", "action_flag": 3, "change_message": ""}}, {"model": "admin.logentry", "pk": 185, "fields": {"action_time": "2022-11-02T13:38:13.464Z", "user": 1, "content_type": 10, "object_id": "5", "object_repr": "Test", "action_flag": 3, "change_message": ""}}, {"model": "admin.logentry", "pk": 186, "fields": {"action_time": "2022-11-02T13:38:13.466Z", "user": 1, "content_type": 10, "object_id": "4", "object_repr": "Eco Coal", "action_flag": 3, "change_message": ""}}, {"model": "admin.logentry", "pk": 187, "fields": {"action_time": "2022-11-02T13:38:13.467Z", "user": 1, "content_type": 10, "object_id": "3", "object_repr": "Logs", "action_flag": 3, "change_message": ""}}, {"model": "admin.logentry", "pk": 188, "fields": {"action_time": "2022-11-02T13:38:13.468Z", "user": 1, "content_type": 10, "object_id": "2", "object_repr": "Fuel", "action_flag": 3, "change_message": ""}}, {"model": "admin.logentry", "pk": 189, "fields": {"action_time": "2022-11-02T13:38:13.469Z", "user": 1, "content_type": 10, "object_id": "1", "object_repr": "Coal_1", "action_flag": 3, "change_message": ""}}, {"model": "admin.logentry", "pk": 190, "fields": {"action_time": "2022-11-03T11:02:13.088Z", "user": 1, "content_type": 11, "object_id": "2", "object_repr": "Cart object (2)", "action_flag": 3, "change_message": ""}}, {"model": "admin.logentry", "pk": 191, "fields": {"action_time": "2022-11-03T11:03:09.151Z", "user": 1, "content_type": 11, "object_id": "3", "object_repr": "Cart object (3)", "action_flag": 3, "change_message": ""}}, {"model": "admin.logentry", "pk": 192, "fields": {"action_time": "2022-11-03T11:03:09.153Z", "user": 1, "content_type": 11, "object_id": "1", "object_repr": "Cart object (1)", "action_flag": 3, "change_message": ""}}, {"model": "admin.logentry", "pk": 193, "fields": {"action_time": "2022-11-03T11:05:16.754Z", "user": 1, "content_type": 11, "object_id": "5", "object_repr": "Cart object (5)", "action_flag": 3, "change_message": ""}}, {"model": "admin.logentry", "pk": 194, "fields": {"action_time": "2022-11-03T11:05:16.757Z", "user": 1, "content_type": 11, "object_id": "4", "object_repr": "Cart object (4)", "action_flag": 3, "change_message": ""}}, {"model": "admin.logentry", "pk": 195, "fields": {"action_time": "2022-11-03T11:12:55.583Z", "user": 1, "content_type": 11, "object_id": "7", "object_repr": "Cart object (7)", "action_flag": 3, "change_message": ""}}, {"model": "admin.logentry", "pk": 196, "fields": {"action_time": "2022-11-03T11:12:55.586Z", "user": 1, "content_type": 11, "object_id": "6", "object_repr": "Cart object (6)", "action_flag": 3, "change_message": ""}}, {"model": "admin.logentry", "pk": 197, "fields": {"action_time": "2022-11-04T13:28:05.864Z", "user": 1, "content_type": 11, "object_id": "15", "object_repr": "Cart object (15)", "action_flag": 3, "change_message": ""}}, {"model": "admin.logentry", "pk": 198, "fields": {"action_time": "2022-11-04T13:28:05.870Z", "user": 1, "content_type": 11, "object_id": "14", "object_repr": "Cart object (14)", "action_flag": 3, "change_message": ""}}, {"model": "admin.logentry", "pk": 199, "fields": {"action_time": "2022-11-08T15:16:46.189Z", "user": 1, "content_type": 6, "object_id": "120", "object_repr": "vendor_account2@test.com", "action_flag": 2, "change_message": "[{\"changed\": {\"fields\": [\"Is active\"]}}]"}}, {"model": "admin.logentry", "pk": 200, "fields": {"action_time": "2022-11-08T15:16:58.087Z", "user": 1, "content_type": 6, "object_id": "121", "object_repr": "vendor_account3@test.com", "action_flag": 2, "change_message": "[{\"changed\": {\"fields\": [\"Is active\"]}}]"}}, {"model": "admin.logentry", "pk": 201, "fields": {"action_time": "2022-11-08T15:17:06.032Z", "user": 1, "content_type": 8, "object_id": "13", "object_repr": "vendor_account3", "action_flag": 2, "change_message": "[{\"changed\": {\"fields\": [\"Is approved\"]}}]"}}, {"model": "admin.logentry", "pk": 202, "fields": {"action_time": "2022-11-08T15:17:07.570Z", "user": 1, "content_type": 8, "object_id": "12", "object_repr": "vendor_account2", "action_flag": 2, "change_message": "[{\"changed\": {\"fields\": [\"Is approved\"]}}]"}}, {"model": "admin.logentry", "pk": 203, "fields": {"action_time": "2022-11-10T01:31:44.170Z", "user": 1, "content_type": 7, "object_id": "121", "object_repr": "vendor_account3@test.com", "action_flag": 2, "change_message": "[]"}}, {"model": "admin.logentry", "pk": 204, "fields": {"action_time": "2022-11-10T01:32:08.967Z", "user": 1, "content_type": 7, "object_id": "120", "object_repr": "vendor_account2@test.com", "action_flag": 2, "change_message": "[]"}}, {"model": "admin.logentry", "pk": 205, "fields": {"action_time": "2022-11-10T01:32:26.481Z", "user": 1, "content_type": 7, "object_id": "119", "object_repr": "mirandafrancesco84@gmail.com", "action_flag": 2, "change_message": "[]"}}, {"model": "admin.logentry", "pk": 206, "fields": {"action_time": "2022-11-10T01:32:51.135Z", "user": 1, "content_type": 7, "object_id": "114", "object_repr": "towpath_helper@yahoo.com", "action_flag": 2, "change_message": "[]"}}, {"model": "admin.logentry", "pk": 207, "fields": {"action_time": "2022-11-10T11:20:40.520Z", "user": 1, "content_type": 6, "object_id": "119", "object_repr": "mirandafrancesco84@gmail.com", "action_flag": 2, "change_message": "[{\"changed\": {\"fields\": [\"First name\", \"Last name\", \"Phone number\"]}}]"}}, {"model": "admin.logentry", "pk": 208, "fields": {"action_time": "2022-11-10T11:21:09.226Z", "user": 1, "content_type": 7, "object_id": "119", "object_repr": "mirandafrancesco84@gmail.com", "action_flag": 2, "change_message": "[{\"changed\": {\"fields\": [\"State\"]}}]"}}, {"model": "admin.logentry", "pk": 209, "fields": {"action_time": "2022-11-10T11:21:59.526Z", "user": 1, "content_type": 7, "object_id": "119", "object_repr": "mirandafrancesco84@gmail.com", "action_flag": 2, "change_message": "[{\"changed\": {\"fields\": [\"Country\", \"State\"]}}]"}}, {"model": "admin.logentry", "pk": 210, "fields": {"action_time": "2022-11-11T02:24:29.034Z", "user": 1, "content_type": 15, "object_id": "2", "object_repr": "Order object (2)", "action_flag": 3, "change_message": ""}}, {"model": "admin.logentry", "pk": 211, "fields": {"action_time": "2022-11-11T02:24:29.041Z", "user": 1, "content_type": 15, "object_id": "1", "object_repr": "Order object (1)", "action_flag": 3, "change_message": ""}}, {"model": "admin.logentry", "pk": 212, "fields": {"action_time": "2022-11-11T02:31:55.111Z", "user": 1, "content_type": 15, "object_id": "3", "object_repr": "Order object (3)", "action_flag": 3, "change_message": ""}}, {"model": "admin.logentry", "pk": 213, "fields": {"action_time": "2022-11-11T02:44:25.455Z", "user": 1, "content_type": 15, "object_id": "5", "object_repr": "Order object (5)", "action_flag": 3, "change_message": ""}}, {"model": "admin.logentry", "pk": 214, "fields": {"action_time": "2022-11-11T02:47:15.923Z", "user": 1, "content_type": 15, "object_id": "4", "object_repr": "Order object (4)", "action_flag": 3, "change_message": ""}}, {"model": "admin.logentry", "pk": 215, "fields": {"action_time": "2022-11-11T03:00:51.335Z", "user": 1, "content_type": 15, "object_id": "6", "object_repr": "123", "action_flag": 3, "change_message": ""}}, {"model": "admin.logentry", "pk": 216, "fields": {"action_time": "2022-11-12T00:08:28.330Z", "user": 1, "content_type": 15, "object_id": "33", "object_repr": "2022111123492433", "action_flag": 3, "change_message": ""}}, {"model": "admin.logentry", "pk": 217, "fields": {"action_time": "2022-11-12T00:08:28.338Z", "user": 1, "content_type": 15, "object_id": "32", "object_repr": "2022111123480232", "action_flag": 3, "change_message": ""}}, {"model": "admin.logentry", "pk": 218, "fields": {"action_time": "2022-11-12T00:08:28.340Z", "user": 1, "content_type": 15, "object_id": "31", "object_repr": "2022111123441631", "action_flag": 3, "change_message": ""}}, {"model": "admin.logentry", "pk": 219, "fields": {"action_time": "2022-11-12T00:08:28.344Z", "user": 1, "content_type": 15, "object_id": "30", "object_repr": "2022111123403330", "action_flag": 3, "change_message": ""}}, {"model": "admin.logentry", "pk": 220, "fields": {"action_time": "2022-11-12T00:08:28.345Z", "user": 1, "content_type": 15, "object_id": "29", "object_repr": "2022111123390029", "action_flag": 3, "change_message": ""}}, {"model": "admin.logentry", "pk": 221, "fields": {"action_time": "2022-11-12T00:08:28.346Z", "user": 1, "content_type": 15, "object_id": "28", "object_repr": "2022111123384228", "action_flag": 3, "change_message": ""}}, {"model": "admin.logentry", "pk": 222, "fields": {"action_time": "2022-11-12T00:08:28.348Z", "user": 1, "content_type": 15, "object_id": "27", "object_repr": "2022111123373627", "action_flag": 3, "change_message": ""}}, {"model": "admin.logentry", "pk": 223, "fields": {"action_time": "2022-11-12T00:08:28.349Z", "user": 1, "content_type": 15, "object_id": "26", "object_repr": "2022111123355626", "action_flag": 3, "change_message": ""}}, {"model": "admin.logentry", "pk": 224, "fields": {"action_time": "2022-11-12T00:08:28.350Z", "user": 1, "content_type": 15, "object_id": "25", "object_repr": "2022111123341125", "action_flag": 3, "change_message": ""}}, {"model": "admin.logentry", "pk": 225, "fields": {"action_time": "2022-11-12T00:08:28.351Z", "user": 1, "content_type": 15, "object_id": "24", "object_repr": "2022111123285624", "action_flag": 3, "change_message": ""}}, {"model": "admin.logentry", "pk": 226, "fields": {"action_time": "2022-11-12T00:08:28.352Z", "user": 1, "content_type": 15, "object_id": "23", "object_repr": "2022111117004523", "action_flag": 3, "change_message": ""}}, {"model": "admin.logentry", "pk": 227, "fields": {"action_time": "2022-11-12T00:08:28.353Z", "user": 1, "content_type": 15, "object_id": "22", "object_repr": "2022111116145222", "action_flag": 3, "change_message": ""}}, {"model": "admin.logentry", "pk": 228, "fields": {"action_time": "2022-11-12T00:08:28.354Z", "user": 1, "content_type": 15, "object_id": "21", "object_repr": "2022111116082821", "action_flag": 3, "change_message": ""}}, {"model": "admin.logentry", "pk": 229, "fields": {"action_time": "2022-11-12T00:08:28.354Z", "user": 1, "content_type": 15, "object_id": "20", "object_repr": "2022111116053120", "action_flag": 3, "change_message": ""}}, {"model": "admin.logentry", "pk": 230, "fields": {"action_time": "2022-11-12T00:08:28.355Z", "user": 1, "content_type": 15, "object_id": "19", "object_repr": "2022111116052119", "action_flag": 3, "change_message": ""}}, {"model": "admin.logentry", "pk": 231, "fields": {"action_time": "2022-11-12T00:08:28.356Z", "user": 1, "content_type": 15, "object_id": "18", "object_repr": "2022111116044118", "action_flag": 3, "change_message": ""}}, {"model": "admin.logentry", "pk": 232, "fields": {"action_time": "2022-11-12T00:08:28.357Z", "user": 1, "content_type": 15, "object_id": "17", "object_repr": "2022111115464717", "action_flag": 3, "change_message": ""}}, {"model": "admin.logentry", "pk": 233, "fields": {"action_time": "2022-11-12T00:08:28.357Z", "user": 1, "content_type": 15, "object_id": "16", "object_repr": "2022111112534616", "action_flag": 3, "change_message": ""}}, {"model": "admin.logentry", "pk": 234, "fields": {"action_time": "2022-11-12T00:08:28.358Z", "user": 1, "content_type": 15, "object_id": "15", "object_repr": "2022111112532615", "action_flag": 3, "change_message": ""}}, {"model": "admin.logentry", "pk": 235, "fields": {"action_time": "2022-11-12T00:08:28.358Z", "user": 1, "content_type": 15, "object_id": "14", "object_repr": "2022111112530814", "action_flag": 3, "change_message": ""}}, {"model": "admin.logentry", "pk": 236, "fields": {"action_time": "2022-11-12T00:08:28.359Z", "user": 1, "content_type": 15, "object_id": "13", "object_repr": "2022111112471513", "action_flag": 3, "change_message": ""}}, {"model": "admin.logentry", "pk": 237, "fields": {"action_time": "2022-11-12T00:08:28.360Z", "user": 1, "content_type": 15, "object_id": "12", "object_repr": "2022111111284112", "action_flag": 3, "change_message": ""}}, {"model": "admin.logentry", "pk": 238, "fields": {"action_time": "2022-11-12T00:08:28.361Z", "user": 1, "content_type": 15, "object_id": "11", "object_repr": "2022111103250711", "action_flag": 3, "change_message": ""}}, {"model": "admin.logentry", "pk": 239, "fields": {"action_time": "2022-11-12T00:08:28.361Z", "user": 1, "content_type": 15, "object_id": "10", "object_repr": "2022111103234210", "action_flag": 3, "change_message": ""}}, {"model": "admin.logentry", "pk": 240, "fields": {"action_time": "2022-11-12T00:08:28.362Z", "user": 1, "content_type": 15, "object_id": "9", "object_repr": "202211110307399", "action_flag": 3, "change_message": ""}}, {"model": "admin.logentry", "pk": 241, "fields": {"action_time": "2022-11-12T00:08:28.363Z", "user": 1, "content_type": 15, "object_id": "8", "object_repr": "20221111030631None", "action_flag": 3, "change_message": ""}}, {"model": "admin.logentry", "pk": 242, "fields": {"action_time": "2022-11-12T00:08:28.363Z", "user": 1, "content_type": 15, "object_id": "7", "object_repr": "123", "action_flag": 3, "change_message": ""}}, {"model": "admin.logentry", "pk": 243, "fields": {"action_time": "2022-11-12T00:29:36.553Z", "user": 1, "content_type": 15, "object_id": "36", "object_repr": "2022111200252336", "action_flag": 3, "change_message": ""}}, {"model": "admin.logentry", "pk": 244, "fields": {"action_time": "2022-11-12T00:29:36.556Z", "user": 1, "content_type": 15, "object_id": "35", "object_repr": "2022111200114835", "action_flag": 3, "change_message": ""}}, {"model": "admin.logentry", "pk": 245, "fields": {"action_time": "2022-11-12T00:29:36.557Z", "user": 1, "content_type": 15, "object_id": "34", "object_repr": "2022111200083834", "action_flag": 3, "change_message": ""}}, {"model": "admin.logentry", "pk": 246, "fields": {"action_time": "2022-11-12T11:22:18.820Z", "user": 1, "content_type": 6, "object_id": "120", "object_repr": "mirandagiuseppe58@gmail.com", "action_flag": 2, "change_message": "[{\"changed\": {\"fields\": [\"Email\"]}}]"}}, {"model": "admin.logentry", "pk": 247, "fields": {"action_time": "2022-11-12T11:23:21.314Z", "user": 1, "content_type": 6, "object_id": "121", "object_repr": "alicia.lazzarini@gmail.com", "action_flag": 2, "change_message": "[{\"changed\": {\"fields\": [\"Email\"]}}]"}}, {"model": "admin.logentry", "pk": 248, "fields": {"action_time": "2022-11-12T11:34:50.079Z", "user": 1, "content_type": 6, "object_id": "120", "object_repr": "vendor_account2@test.com", "action_flag": 2, "change_message": "[{\"changed\": {\"fields\": [\"Email\"]}}]"}}, {"model": "admin.logentry", "pk": 249, "fields": {"action_time": "2022-11-12T11:34:58.467Z", "user": 1, "content_type": 6, "object_id": "121", "object_repr": "vendor_account3@test.com", "action_flag": 2, "change_message": "[{\"changed\": {\"fields\": [\"Email\"]}}]"}}, {"model": "auth.permission", "pk": 1, "fields": {"name": "Can add log entry", "content_type": 1, "codename": "add_logentry"}}, {"model": "auth.permission", "pk": 2, "fields": {"name": "Can change log entry", "content_type": 1, "codename": "change_logentry"}}, {"model": "auth.permission", "pk": 3, "fields": {"name": "Can delete log entry", "content_type": 1, "codename": "delete_logentry"}}, {"model": "auth.permission", "pk": 4, "fields": {"name": "Can view log entry", "content_type": 1, "codename": "view_logentry"}}, {"model": "auth.permission", "pk": 5, "fields": {"name": "Can add permission", "content_type": 2, "codename": "add_permission"}}, {"model": "auth.permission", "pk": 6, "fields": {"name": "Can change permission", "content_type": 2, "codename": "change_permission"}}, {"model": "auth.permission", "pk": 7, "fields": {"name": "Can delete permission", "content_type": 2, "codename": "delete_permission"}}, {"model": "auth.permission", "pk": 8, "fields": {"name": "Can view permission", "content_type": 2, "codename": "view_permission"}}, {"model": "auth.permission", "pk": 9, "fields": {"name": "Can add group", "content_type": 3, "codename": "add_group"}}, {"model": "auth.permission", "pk": 10, "fields": {"name": "Can change group", "content_type": 3, "codename": "change_group"}}, {"model": "auth.permission", "pk": 11, "fields": {"name": "Can delete group", "content_type": 3, "codename": "delete_group"}}, {"model": "auth.permission", "pk": 12, "fields": {"name": "Can view group", "content_type": 3, "codename": "view_group"}}, {"model": "auth.permission", "pk": 13, "fields": {"name": "Can add content type", "content_type": 4, "codename": "add_contenttype"}}, {"model": "auth.permission", "pk": 14, "fields": {"name": "Can change content type", "content_type": 4, "codename": "change_contenttype"}}, {"model": "auth.permission", "pk": 15, "fields": {"name": "Can delete content type", "content_type": 4, "codename": "delete_contenttype"}}, {"model": "auth.permission", "pk": 16, "fields": {"name": "Can view content type", "content_type": 4, "codename": "view_contenttype"}}, {"model": "auth.permission", "pk": 17, "fields": {"name": "Can add session", "content_type": 5, "codename": "add_session"}}, {"model": "auth.permission", "pk": 18, "fields": {"name": "Can change session", "content_type": 5, "codename": "change_session"}}, {"model": "auth.permission", "pk": 19, "fields": {"name": "Can delete session", "content_type": 5, "codename": "delete_session"}}, {"model": "auth.permission", "pk": 20, "fields": {"name": "Can view session", "content_type": 5, "codename": "view_session"}}, {"model": "auth.permission", "pk": 21, "fields": {"name": "Can add user", "content_type": 6, "codename": "add_user"}}, {"model": "auth.permission", "pk": 22, "fields": {"name": "Can change user", "content_type": 6, "codename": "change_user"}}, {"model": "auth.permission", "pk": 23, "fields": {"name": "Can delete user", "content_type": 6, "codename": "delete_user"}}, {"model": "auth.permission", "pk": 24, "fields": {"name": "Can view user", "content_type": 6, "codename": "view_user"}}, {"model": "auth.permission", "pk": 25, "fields": {"name": "Can add user profile", "content_type": 7, "codename": "add_userprofile"}}, {"model": "auth.permission", "pk": 26, "fields": {"name": "Can change user profile", "content_type": 7, "codename": "change_userprofile"}}, {"model": "auth.permission", "pk": 27, "fields": {"name": "Can delete user profile", "content_type": 7, "codename": "delete_userprofile"}}, {"model": "auth.permission", "pk": 28, "fields": {"name": "Can view user profile", "content_type": 7, "codename": "view_userprofile"}}, {"model": "auth.permission", "pk": 29, "fields": {"name": "Can add vendor", "content_type": 8, "codename": "add_vendor"}}, {"model": "auth.permission", "pk": 30, "fields": {"name": "Can change vendor", "content_type": 8, "codename": "change_vendor"}}, {"model": "auth.permission", "pk": 31, "fields": {"name": "Can delete vendor", "content_type": 8, "codename": "delete_vendor"}}, {"model": "auth.permission", "pk": 32, "fields": {"name": "Can view vendor", "content_type": 8, "codename": "view_vendor"}}, {"model": "auth.permission", "pk": 33, "fields": {"name": "Can add product item", "content_type": 9, "codename": "add_productitem"}}, {"model": "auth.permission", "pk": 34, "fields": {"name": "Can change product item", "content_type": 9, "codename": "change_productitem"}}, {"model": "auth.permission", "pk": 35, "fields": {"name": "Can delete product item", "content_type": 9, "codename": "delete_productitem"}}, {"model": "auth.permission", "pk": 36, "fields": {"name": "Can view product item", "content_type": 9, "codename": "view_productitem"}}, {"model": "auth.permission", "pk": 37, "fields": {"name": "Can add category", "content_type": 10, "codename": "add_category"}}, {"model": "auth.permission", "pk": 38, "fields": {"name": "Can change category", "content_type": 10, "codename": "change_category"}}, {"model": "auth.permission", "pk": 39, "fields": {"name": "Can delete category", "content_type": 10, "codename": "delete_category"}}, {"model": "auth.permission", "pk": 40, "fields": {"name": "Can view category", "content_type": 10, "codename": "view_category"}}, {"model": "auth.permission", "pk": 41, "fields": {"name": "Can add cart", "content_type": 11, "codename": "add_cart"}}, {"model": "auth.permission", "pk": 42, "fields": {"name": "Can change cart", "content_type": 11, "codename": "change_cart"}}, {"model": "auth.permission", "pk": 43, "fields": {"name": "Can delete cart", "content_type": 11, "codename": "delete_cart"}}, {"model": "auth.permission", "pk": 44, "fields": {"name": "Can view cart", "content_type": 11, "codename": "view_cart"}}, {"model": "auth.permission", "pk": 45, "fields": {"name": "Can add tax", "content_type": 12, "codename": "add_tax"}}, {"model": "auth.permission", "pk": 46, "fields": {"name": "Can change tax", "content_type": 12, "codename": "change_tax"}}, {"model": "auth.permission", "pk": 47, "fields": {"name": "Can delete tax", "content_type": 12, "codename": "delete_tax"}}, {"model": "auth.permission", "pk": 48, "fields": {"name": "Can view tax", "content_type": 12, "codename": "view_tax"}}, {"model": "auth.permission", "pk": 49, "fields": {"name": "Can add payment", "content_type": 13, "codename": "add_payment"}}, {"model": "auth.permission", "pk": 50, "fields": {"name": "Can change payment", "content_type": 13, "codename": "change_payment"}}, {"model": "auth.permission", "pk": 51, "fields": {"name": "Can delete payment", "content_type": 13, "codename": "delete_payment"}}, {"model": "auth.permission", "pk": 52, "fields": {"name": "Can view payment", "content_type": 13, "codename": "view_payment"}}, {"model": "auth.permission", "pk": 53, "fields": {"name": "Can add ordered item", "content_type": 14, "codename": "add_ordereditem"}}, {"model": "auth.permission", "pk": 54, "fields": {"name": "Can change ordered item", "content_type": 14, "codename": "change_ordereditem"}}, {"model": "auth.permission", "pk": 55, "fields": {"name": "Can delete ordered item", "content_type": 14, "codename": "delete_ordereditem"}}, {"model": "auth.permission", "pk": 56, "fields": {"name": "Can view ordered item", "content_type": 14, "codename": "view_ordereditem"}}, {"model": "auth.permission", "pk": 57, "fields": {"name": "Can add order", "content_type": 15, "codename": "add_order"}}, {"model": "auth.permission", "pk": 58, "fields": {"name": "Can change order", "content_type": 15, "codename": "change_order"}}, {"model": "auth.permission", "pk": 59, "fields": {"name": "Can delete order", "content_type": 15, "codename": "delete_order"}}, {"model": "auth.permission", "pk": 60, "fields": {"name": "Can view order", "content_type": 15, "codename": "view_order"}}, {"model": "contenttypes.contenttype", "pk": 1, "fields": {"app_label": "admin", "model": "logentry"}}, {"model": "contenttypes.contenttype", "pk": 2, "fields": {"app_label": "auth", "model": "permission"}}, {"model": "contenttypes.contenttype", "pk": 3, "fields": {"app_label": "auth", "model": "group"}}, {"model": "contenttypes.contenttype", "pk": 4, "fields": {"app_label": "contenttypes", "model": "contenttype"}}, {"model": "contenttypes.contenttype", "pk": 5, "fields": {"app_label": "sessions", "model": "session"}}, {"model": "contenttypes.contenttype", "pk": 6, "fields": {"app_label": "accounts", "model": "user"}}, {"model": "contenttypes.contenttype", "pk": 7, "fields": {"app_label": "accounts", "model": "userprofile"}}, {"model": "contenttypes.contenttype", "pk": 8, "fields": {"app_label": "vendor", "model": "vendor"}}, {"model": "contenttypes.contenttype", "pk": 9, "fields": {"app_label": "my_shop", "model": "productitem"}}, {"model": "contenttypes.contenttype", "pk": 10, "fields": {"app_label": "my_shop", "model": "category"}}, {"model": "contenttypes.contenttype", "pk": 11, "fields": {"app_label": "marketplace", "model": "cart"}}, {"model": "contenttypes.contenttype", "pk": 12, "fields": {"app_label": "marketplace", "model": "tax"}}, {"model": "contenttypes.contenttype", "pk": 13, "fields": {"app_label": "orders", "model": "payment"}}, {"model": "contenttypes.contenttype", "pk": 14, "fields": {"app_label": "orders", "model": "ordereditem"}}, {"model": "contenttypes.contenttype", "pk": 15, "fields": {"app_label": "orders", "model": "order"}}, {"model": "sessions.session", "pk": "0ip03q8dsjlo25y9yq6jxm3r9hnpl7cp", "fields": {"session_data": ".eJxVjMsOwiAQRf-FtSFQ3i7d-w1kYAapGkhKuzL-uzbpQrf3nHNfLMK21rgNWuKM7MwkO_1uCfKD2g7wDu3Wee5tXebEd4UfdPBrR3peDvfvoMKo3zrZQEWDc66AQA9m0hSEkoA6k0GRdAkSfZAqKTVpkcGgkl5ZshkyOvb-APDKOCo:1oncXT:qzJjXq8-SVl3ru_mDQS9n1iIShIu8EG3p5dUygOFfcU", "expire_date": "2022-11-09T09:17:31.187Z"}}, {"model": "sessions.session", "pk": "1srwdzqhia8b785kaoqg3pi5eo2zhi6u", "fields": {"session_data": ".eJxVjDsOwjAQBe_iGlmsE_8o6TlDtN714gCypXwqxN1JpBTQzsx7bzXgupRhnfM0jKwuCtTplyWkZ6674AfWe9PU6jKNSe-JPuysb43z63q0fwcF57Ktz8ZLByQoaL0LACEJM5HtjTWMQOS9kwCSIiKy7y2L20CMXUoeQX2-_5Y4yg:1odvdE:NuoL5-URr1fOZ8M7N8R0D-24rdSMcuwktLExaI0Q1ZI", "expire_date": "2022-10-13T15:39:24.326Z"}}, {"model": "sessions.session", "pk": "1wpkowlov6ig1sb9w4jzkizsghln31ne", "fields": {"session_data": ".eJxVjMsOwiAQRf-FtSFQ3i7d-w1kYAapGkhKuzL-uzbpQrf3nHNfLMK21rgNWuKM7MwkO_1uCfKD2g7wDu3Wee5tXebEd4UfdPBrR3peDvfvoMKo3zrZQEWDc66AQA9m0hSEkoA6k0GRdAkSfZAqKTVpkcGgkl5ZshkyOvb-APDKOCo:1ot4Ab:L5R69EH7cUxt_bXLv6i-MFWkpZZsLbrJYW9XrZGwIX0", "expire_date": "2022-11-24T09:48:25.832Z"}}, {"model": "sessions.session", "pk": "1y89qgr02fo6cikl65rlkybnmhru3see", "fields": {"session_data": ".eJxVjMsOwiAQRf-FtSFQ3i7d-w1kYAapGkhKuzL-uzbpQrf3nHNfLMK21rgNWuKM7MwkO_1uCfKD2g7wDu3Wee5tXebEd4UfdPBrR3peDvfvoMKo3zrZQEWDc66AQA9m0hSEkoA6k0GRdAkSfZAqKTVpkcGgkl5ZshkyOvb-APDKOCo:1otGyj:jO4svwTGIoUHIQDGdus7cqc98_Gtv_5FodDYmUeKe0o", "expire_date": "2022-11-24T23:29:01.371Z"}}, {"model": "sessions.session", "pk": "3sro814cw7ax1g7kt75nc77dz1gdhyhp", "fields": {"session_data": ".eJxVjMsOwiAQRf-FtSFQ3i7d-w1kYAapGkhKuzL-uzbpQrf3nHNfLMK21rgNWuKM7MwkO_1uCfKD2g7wDu3Wee5tXebEd4UfdPBrR3peDvfvoMKo3zrZQEWDc66AQA9m0hSEkoA6k0GRdAkSfZAqKTVpkcGgkl5ZshkyOvb-APDKOCo:1oshkC:swzwk7ke3C8fNFjdZB8pVcnTrgmHBd0AQlxKmDZ18Qs", "expire_date": "2022-11-23T09:51:40.861Z"}}, {"model": "sessions.session", "pk": "6fwfeahce53wbd4ca1flqwnyipkw24ij", "fields": {"session_data": ".eJxVjMsOwiAQRf-FtSFQ3i7d-w1kYAapGkhKuzL-uzbpQrf3nHNfLMK21rgNWuKM7MwkO_1uCfKD2g7wDu3Wee5tXebEd4UfdPBrR3peDvfvoMKo3zrZQEWDc66AQA9m0hSEkoA6k0GRdAkSfZAqKTVpkcGgkl5ZshkyOvb-APDKOCo:1opnzj:nMvCxKpvLawuMCtYM8l96LBf15fMD42sRqKglgzWQBI", "expire_date": "2022-11-15T09:55:43.271Z"}}, {"model": "sessions.session", "pk": "6i9pvanvlhgj0iaxwtnl7ssy45uob9ak", "fields": {"session_data": ".eJxVjMsOwiAQRf-FtSFQ3i7d-w1kYAapGkhKuzL-uzbpQrf3nHNfLMK21rgNWuKM7MwkO_1uCfKD2g7wDu3Wee5tXebEd4UfdPBrR3peDvfvoMKo3zrZQEWDc66AQA9m0hSEkoA6k0GRdAkSfZAqKTVpkcGgkl5ZshkyOvb-APDKOCo:1oo5A5:GWK5m2EfE72GXePERwGBVCKMIraV5O7vindRBpMs_hM", "expire_date": "2022-11-10T15:51:17.901Z"}}, {"model": "sessions.session", "pk": "dh1x6ypp2gcld44zayqu5yimq595hfdx", "fields": {"session_data": ".eJxVjMsOwiAQRf-FtSFQ3i7d-w1kYAapGkhKuzL-uzbpQrf3nHNfLMK21rgNWuKM7MwkO_1uCfKD2g7wDu3Wee5tXebEd4UfdPBrR3peDvfvoMKo3zrZQEWDc66AQA9m0hSEkoA6k0GRdAkSfZAqKTVpkcGgkl5ZshkyOvb-APDKOCo:1oqWc2:RpDuyGUyDwPdx3RPE-5yYRKSCQYZAQbnFwdLdSq_Y0U", "expire_date": "2022-11-17T09:34:14.938Z"}}, {"model": "sessions.session", "pk": "egbw7k2dtewd80yfst9ovqkl9k72sx3d", "fields": {"session_data": ".eJxVjMsOwiAQRf-FtSFQ3i7d-w1kYAapGkhKuzL-uzbpQrf3nHNfLMK21rgNWuKM7MwkO_1uCfKD2g7wDu3Wee5tXebEd4UfdPBrR3peDvfvoMKo3zrZQEWDc66AQA9m0hSEkoA6k0GRdAkSfZAqKTVpkcGgkl5ZshkyOvb-APDKOCo:1oqtb5:_aoHm_a4BYW4Z1Ru9a3WPio-u4Dm2JYc2JsSv9E5z4o", "expire_date": "2022-11-18T10:06:47.744Z"}}, {"model": "sessions.session", "pk": "frppzidi5g8nc4wegxfbq081n2ovjx9o", "fields": {"session_data": ".eJxVjMsOwiAQRf-FtSFQ3i7d-w1kYAapGkhKuzL-uzbpQrf3nHNfLMK21rgNWuKM7MwkO_1uCfKD2g7wDu3Wee5tXebEd4UfdPBrR3peDvfvoMKo3zrZQEWDc66AQA9m0hSEkoA6k0GRdAkSfZAqKTVpkcGgkl5ZshkyOvb-APDKOCo:1otoHq:EFpZ6u0MSl235AJTAsE4Z_gsxKUOb8mVLGz8DwDv7q8", "expire_date": "2022-11-26T11:02:58.328Z"}}, {"model": "sessions.session", "pk": "fyr8jtfl7lhp58ornixkcdooiqa0tobx", "fields": {"session_data": ".eJxVjDsOwjAQBe_iGqx1dh3HlPScIVp7nQ9EjpRPhbg7jpQC2pn35q1a3reh3de0tKOomzLq8ssCx1fKh5An537Wcc7bMgZ9TPRpV_2YJU33c_sXGHgdyjvUPnXEzrmOQRq2FSUPaFgoJisQqPNGGm8wIFYEka2gabBOdeQorkQn3krIgnaAhIAHyn1BV9QWLZBVny-lvUBD:1osxr6:3bvhbYcbkor8rHJDChzygMFkhY4SEVWoMNKLU2y3MOU", "expire_date": "2022-11-24T03:03:52.940Z"}}, {"model": "sessions.session", "pk": "glb4vurkcc6xxbzs6kktj78pzpk1t5gq", "fields": {"session_data": ".eJxVjDsOwjAQBe_iGlmsE_8o6TlDtN714gCypXwqxN1JpBTQzsx7bzXgupRhnfM0jKwuCtTplyWkZ6674AfWe9PU6jKNSe-JPuysb43z63q0fwcF57Ktz8ZLByQoaL0LACEJM5HtjTWMQOS9kwCSIiKy7y2L20CMXUoeQX2-_5Y4yg:1oeD71:c0MH_3a3L9hgN3ndhiX-Mv3Qce-KIyMtsT7OMMl2DS0", "expire_date": "2022-10-14T10:19:19.824Z"}}, {"model": "sessions.session", "pk": "kbqojb1uqjuqhxp4mm1wzn216nz4d79v", "fields": {"session_data": ".eJxVjDsOwyAQRO9CnSBgWQwp0-cM1gLrT2LZkj9VlLsHJBdJN3oz896ipWMf2mPjtR2zuAmtg7j80kjpxXOt8pPmfpFpmfd1jLJO5Nlu8rFknu7n9k8w0DbUN1AwNvuGNQIh25CBO46asivZJzTgUKkOEtrIURlCcuRNVl2KXhXpRHsRoZKNAgQNFc19QVeQCDZA48TnC0hdQRY:1ou0Dc:bG1WmbPs7M0vglxy1BTv4Ah0QOSfs5lIRpuMxnH1RCI", "expire_date": "2022-11-26T23:47:24.721Z"}}, {"model": "sessions.session", "pk": "kjawtsq0g5mo2rbm4noiz40wmozhvdx0", "fields": {"session_data": ".eJxVjMsOwiAQRf-FtSFQ3i7d-w1kYAapGkhKuzL-uzbpQrf3nHNfLMK21rgNWuKM7MwkO_1uCfKD2g7wDu3Wee5tXebEd4UfdPBrR3peDvfvoMKo3zrZQEWDc66AQA9m0hSEkoA6k0GRdAkSfZAqKTVpkcGgkl5ZshkyOvb-APDKOCo:1ooMi1:PJS3uMa5uVG_rV8sprKvBUTjGMPH5kMMMDFY47FfnxM", "expire_date": "2022-11-11T10:35:29.825Z"}}, {"model": "sessions.session", "pk": "kk5icc82sohgtziflkrzwiv5g1zqhp0v", "fields": {"session_data": ".eJxVjDsOwjAQBe_iGlmsE_8o6TlDtN714gCypXwqxN1JpBTQzsx7bzXgupRhnfM0jKwuCtTplyWkZ6674AfWe9PU6jKNSe-JPuysb43z63q0fwcF57Ktz8ZLByQoaL0LACEJM5HtjTWMQOS9kwCSIiKy7y2L20CMXUoeQX2-_5Y4yg:1og9aG:iJSQSNKWn8x35a6oFX4uy8a3z0iySJzjVLvlocJEFmo", "expire_date": "2022-10-19T18:57:32.543Z"}}, {"model": "sessions.session", "pk": "lll8ggsb4be9acnif6i87g8sbf3c81hi", "fields": {"session_data": ".eJxVjMsOwiAQRf-FtSFQ3i7d-w1kYAapGkhKuzL-uzbpQrf3nHNfLMK21rgNWuKM7MwkO_1uCfKD2g7wDu3Wee5tXebEd4UfdPBrR3peDvfvoMKo3zrZQEWDc66AQA9m0hSEkoA6k0GRdAkSfZAqKTVpkcGgkl5ZshkyOvb-APDKOCo:1oooN8:FB9GWGgP0UmB1q2mLy2WQnUCk7gVsmzjZa6_4jTkQk8", "expire_date": "2022-11-12T16:07:46.095Z"}}, {"model": "sessions.session", "pk": "mspyj0levjpiypqmvbg7o34ndiiows98", "fields": {"session_data": ".eJxVjMsOwiAQRf-FtSFQ3i7d-w1kYAapGkhKuzL-uzbpQrf3nHNfLMK21rgNWuKM7MwkO_1uCfKD2g7wDu3Wee5tXebEd4UfdPBrR3peDvfvoMKo3zrZQEWDc66AQA9m0hSEkoA6k0GRdAkSfZAqKTVpkcGgkl5ZshkyOvb-APDKOCo:1otdDB:pnDqkY0PH23-qoPGHJxwDdAI2imur6swIK34DWwl05A", "expire_date": "2022-11-25T23:13:25.465Z"}}, {"model": "sessions.session", "pk": "nr2zmhdbkckqz9s30344a4mzmgx1ye2v", "fields": {"session_data": ".eJxVjMsOwiAQRf-FtSFQ3i7d-w1kYAapGkhKuzL-uzbpQrf3nHNfLMK21rgNWuKM7MwkO_1uCfKD2g7wDu3Wee5tXebEd4UfdPBrR3peDvfvoMKo3zrZQEWDc66AQA9m0hSEkoA6k0GRdAkSfZAqKTVpkcGgkl5ZshkyOvb-APDKOCo:1orxkw:HvL3MpWn11Z1t98ug5-QM0c1O12t-ZiZ3FVSytGMnU4", "expire_date": "2022-11-21T08:45:22.253Z"}}, {"model": "sessions.session", "pk": "psuvfvoy6vucf6xhnvd9l5syb6v01qd1", "fields": {"session_data": ".eJxVjMEOwiAQRP-FsyG7W6jUo3e_gSwslaqBpLQn47_bJj3ocea9mbfyvC7Zry3NfhJ1UahOv13g-ExlB_Lgcq861rLMU9C7og_a9K1Kel0P9-8gc8vbGgJLpJGd6eg8DAksOnGxT0DWiEQJhNZBxL6zYAh5C2wBWTqLo5D6fAHcAjdL:1omyoo:1G7aCrMebcVe2uD4pB-Sj-oRe6chmQOvDcKZo8Ggv-s", "expire_date": "2022-11-07T14:52:46.174Z"}}, {"model": "sessions.session", "pk": "rezsmws76a7ikih9b749u4tlwx40l5jx", "fields": {"session_data": ".eJxVjMsOwiAQRf-FtSFQ3i7d-w1kYAapGkhKuzL-uzbpQrf3nHNfLMK21rgNWuKM7MwkO_1uCfKD2g7wDu3Wee5tXebEd4UfdPBrR3peDvfvoMKo3zrZQEWDc66AQA9m0hSEkoA6k0GRdAkSfZAqKTVpkcGgkl5ZshkyOvb-APDKOCo:1oslLD:aTlCkNuFsNuIxC2GjoIh3B3HEVS8seRjMYvS0MnTpSo", "expire_date": "2022-11-23T13:42:07.336Z"}}, {"model": "sessions.session", "pk": "ru8qna2yqt4yvuciqwl2efuzp47i2mh3", "fields": {"session_data": ".eJxVjMsOwiAQRf-FtSFQ3i7d-w1kYAapGkhKuzL-uzbpQrf3nHNfLMK21rgNWuKM7MwkO_1uCfKD2g7wDu3Wee5tXebEd4UfdPBrR3peDvfvoMKo3zrZQEWDc66AQA9m0hSEkoA6k0GRdAkSfZAqKTVpkcGgkl5ZshkyOvb-APDKOCo:1osN1o:Z-bbCy8uTl-r8gXTSpGfnbWO9k1otBfJtUP50KARSYA", "expire_date": "2022-11-22T11:44:28.610Z"}}, {"model": "sessions.session", "pk": "uu9ecma67i7bnqjaebxede118o5efmh5", "fields": {"session_data": "e30:1odX4B:Qw7s8xFXrIDgQEzYP_DEqTEls684F5X4vBT55TbX73k", "expire_date": "2022-10-12T13:25:35.187Z"}}, {"model": "sessions.session", "pk": "x1ofh3hvuaayznbc3ybpux33zmojt95v", "fields": {"session_data": ".eJxVjEEOgjAURO_StWk-YPmtS_eeoemftoKaklBYGe8uJCx0O--9eSsf1mXwa02zH6O6qIacOv2uEvBMZUfxEcp90pjKMo-id0UftOrbFNPrerh_B0Oow1ZLbHsQM6jPMGxbwOEcrQvomJCRQitNJxvJhtBBjOTMbCJZZGL1-QJM2Tkr:1ogoVO:x7Wymg545BwgrrXEh4179nRkfkjJoQsR0ud7XNW3yM4", "expire_date": "2022-10-21T14:39:14.759Z"}}, {"model": "sessions.session", "pk": "yffsnnlw1axaoc3qces7cfv30d3y4kih", "fields": {"session_data": ".eJxVjMsOwiAQRf-FtSFQ3i7d-w1kYAapGkhKuzL-uzbpQrf3nHNfLMK21rgNWuKM7MwkO_1uCfKD2g7wDu3Wee5tXebEd4UfdPBrR3peDvfvoMKo3zrZQEWDc66AQA9m0hSEkoA6k0GRdAkSfZAqKTVpkcGgkl5ZshkyOvb-APDKOCo:1otSDl:8Z6PqqZ3dItSQddvb_5KvNksZEUQuYTKy3y7AZHcH0A", "expire_date": "2022-11-25T11:29:17.532Z"}}, {"model": "sessions.session", "pk": "zq3t0ophpke3iy79l4b30io1clhd97r5", "fields": {"session_data": ".eJxVjMsOwiAQRf-FtSFQ3i7d-w1kYAapGkhKuzL-uzbpQrf3nHNfLMK21rgNWuKM7MwkO_1uCfKD2g7wDu3Wee5tXebEd4UfdPBrR3peDvfvoMKo3zrZQEWDc66AQA9m0hSEkoA6k0GRdAkSfZAqKTVpkcGgkl5ZshkyOvb-APDKOCo:1oqA0O:AnKxp0C07RwR4LKD7JQTNjyhoBbby71oZnxmTZBjJmk", "expire_date": "2022-11-16T09:25:52.860Z"}}, {"model": "accounts.user", "pk": 1, "fields": {"password": "pbkdf2_sha256$390000$1osED17h6R0gIgbhZeBOAo$wLz2ZqasE21zRaeUgMWrI3DCTtaW4jPm2cWkkZDgVAE=", "first_name": "francesco", "last_name": "miranda", "username": "django_admin", "email": "mirandafrancesco84@yahoo.com", "phone_number": "", "role": null, "date_joined": "2022-09-21T11:12:10.961Z", "last_login": "2022-11-12T11:02:58.313Z", "created_date": "2022-09-21T11:12:10.961Z", "modified_date": "2022-10-26T09:16:36.038Z", "is_admin": true, "is_staff": true, "is_active": true, "is_superadmin": true}}, {"model": "accounts.user", "pk": 114, "fields": {"password": "pbkdf2_sha256$390000$pjHvnMDbGD6uvoJs4SzHWe$hpvKEhIA4Q9E7hmCihACLRcMKPeSIsaBlznlcuF+dXk=", "first_name": "F", "last_name": "M", "username": "FM", "email": "towpath_helper@yahoo.com", "phone_number": "", "role": 1, "date_joined": "2022-10-27T00:01:53.697Z", "last_login": "2022-11-12T16:39:47.712Z", "created_date": "2022-10-27T00:01:53.697Z", "modified_date": "2022-10-27T00:02:18.405Z", "is_admin": false, "is_staff": false, "is_active": true, "is_superadmin": false}}, {"model": "accounts.user", "pk": 119, "fields": {"password": "pbkdf2_sha256$390000$pO0EZZPxZIFjWqsVfzP7Eo$+rXml4PdBd1QssCZdDBT1YN052sS41b89/bnQObWpQE=", "first_name": "F", "last_name": "M", "username": "FM_customer", "email": "mirandafrancesco84@gmail.com", "phone_number": "444565356544", "role": 2, "date_joined": "2022-11-01T22:24:16.157Z", "last_login": "2022-11-12T16:49:25.382Z", "created_date": "2022-11-01T22:24:16.157Z", "modified_date": "2022-11-11T23:35:47.107Z", "is_admin": false, "is_staff": false, "is_active": true, "is_superadmin": false}}, {"model": "accounts.user", "pk": 120, "fields": {"password": "pbkdf2_sha256$390000$I4UAsQgOtQo1s9Pxu7m6JL$1ESH9u5zzXWA+gRr1sxyAK6xfKNXSi56TB3J3fPOSBE=", "first_name": "vendor_account2", "last_name": "vendor_account2", "username": "vendor_account2@test.com", "email": "vendor_account2@test.com", "phone_number": "", "role": 1, "date_joined": "2022-11-08T15:15:51.895Z", "last_login": "2022-11-08T15:43:48.525Z", "created_date": "2022-11-08T15:15:51.895Z", "modified_date": "2022-11-12T11:34:50.063Z", "is_admin": false, "is_staff": false, "is_active": true, "is_superadmin": false}}, {"model": "accounts.user", "pk": 121, "fields": {"password": "pbkdf2_sha256$390000$4KnwAhL8IFtfAxc2ZIceOQ$gyrVIHp1KOyjwKAMItTwdLmRV7rA0iiI46V+b7wAL/Y=", "first_name": "vendor_account3", "last_name": "vendor_account3", "username": "vendor_account3@test.com", "email": "vendor_account3@test.com", "phone_number": "", "role": 1, "date_joined": "2022-11-08T15:16:29.164Z", "last_login": "2022-11-11T16:52:46.716Z", "created_date": "2022-11-08T15:16:29.164Z", "modified_date": "2022-11-12T11:34:58.454Z", "is_admin": false, "is_staff": false, "is_active": true, "is_superadmin": false}}, {"model": "accounts.userprofile", "pk": 1, "fields": {"user": 1, "profile_picture": "users/profile_pictures/francesco_photo_passport.jpg", "cover_photo": "users/cover_photos/full-stack-developer.jpeg", "address": null, "country": null, "state": null, "city": null, "pin_code": null, "latitude": null, "longitude": null, "location": null, "created_at": "2022-09-21T13:46:59.558Z", "modified_at": "2022-11-12T11:02:58.325Z"}}, {"model": "accounts.userprofile", "pk": 114, "fields": {"user": 114, "profile_picture": "users/profile_pictures/francesco_photo_passport_yJ98YaJ.jpg", "cover_photo": "users/cover_photos/angel_IXZEZSw.webp", "address": "Huawei Global Finance UK Limited, 99 Bishopsgate, London, UK", "country": "United Kingdom", "state": "England", "city": "London", "pin_code": "EC2M 3XD", "latitude": "51.5158821", "longitude": "-0.08264200000000001", "location": "SRID=4326;POINT (-0.082642 51.5158821)", "created_at": "2022-10-27T00:01:53.700Z", "modified_at": "2022-11-12T16:39:47.755Z"}}, {"model": "accounts.userprofile", "pk": 119, "fields": {"user": 119, "profile_picture": "users/profile_pictures/canal_night_MRVIbfG.jpeg", "cover_photo": "users/cover_photos/towpath_cafe_VyT14UT.jpeg", "address": "Greenwich, Greenwich High Road, London, UK", "country": "United Kingdom", "state": "England", "city": "London", "pin_code": "SE10 8JQ", "latitude": "51.47812", "longitude": "-0.0132503", "location": "SRID=4326;POINT (-0.0132503 51.47812)", "created_at": "2022-11-01T22:24:16.159Z", "modified_at": "2022-11-12T16:49:25.394Z"}}, {"model": "accounts.userprofile", "pk": 120, "fields": {"user": 120, "profile_picture": "users/profile_pictures/angel_Qf0wleC.webp", "cover_photo": "users/cover_photos/angel_9qxQq2p.webp", "address": "142 Goswell Road, London, UK", "country": "United Kingdom", "state": "England", "city": "London", "pin_code": "EC1V 7DU", "latitude": "51.52534929999999", "longitude": "-0.0993328", "location": "SRID=4326;POINT (-0.0993328 51.52534929999999)", "created_at": "2022-11-08T15:15:51.902Z", "modified_at": "2022-11-12T11:34:50.077Z"}}, {"model": "accounts.userprofile", "pk": 121, "fields": {"user": 121, "profile_picture": "users/profile_pictures/little_venice_612x612_Vadm89l.jpeg", "cover_photo": "users/cover_photos/little_venice_612x612_Ra5A78q.jpeg", "address": "99 Gresham Street, London, UK", "country": "United Kingdom", "state": "England", "city": "London", "pin_code": "EC2V 7NG", "latitude": "51.5150796", "longitude": "-0.0905242", "location": "SRID=4326;POINT (-0.0905242 51.5150796)", "created_at": "2022-11-08T15:16:29.166Z", "modified_at": "2022-11-12T11:34:58.466Z"}}, {"model": "vendor.vendor", "pk": 9, "fields": {"user": 114, "user_profile": 114, "vendor_name": "Fuel And Coal", "vendor_slug": "fuel-and-coal", "vendor_license": "vendor/license/fake_shop_license_3zhkXKH.png", "is_approved": true, "created_at": "2022-10-27T00:01:53.721Z", "modified_at": "2022-11-06T00:42:27.065Z"}}, {"model": "vendor.vendor", "pk": 12, "fields": {"user": 120, "user_profile": 120, "vendor_name": "vendor_account2", "vendor_slug": "vendor_account2-120", "vendor_license": "vendor/license/fake_shop_license_JpxtZxO.png", "is_approved": true, "created_at": "2022-11-08T15:15:51.922Z", "modified_at": "2022-11-08T15:31:47.258Z"}}, {"model": "vendor.vendor", "pk": 13, "fields": {"user": 121, "user_profile": 121, "vendor_name": "vendor_account3", "vendor_slug": "vendor_account3-121", "vendor_license": "vendor/license/fake_shop_license_KOvRBZ7.png", "is_approved": true, "created_at": "2022-11-08T15:16:29.174Z", "modified_at": "2022-11-11T16:54:19.401Z"}}, {"model": "my_shop.category", "pk": 12, "fields": {"vendor": 9, "category_name": "Coal", "slug": "coal-12", "description": "Buzzer", "created_at": "2022-11-02T13:39:13.930Z", "updated_at": "2022-11-02T13:39:13.934Z"}}, {"model": "my_shop.category", "pk": 13, "fields": {"vendor": 9, "category_name": "Eco-coal", "slug": "eco-coal-13", "description": "homecoal", "created_at": "2022-11-02T13:39:32.272Z", "updated_at": "2022-11-02T13:39:32.273Z"}}, {"model": "my_shop.category", "pk": 14, "fields": {"vendor": 12, "category_name": "Test uno vendor2", "slug": "test-uno-vendor2-14", "description": "TEST UNO VENDOR2", "created_at": "2022-11-08T15:44:16.676Z", "updated_at": "2022-11-08T15:44:16.681Z"}}, {"model": "my_shop.category", "pk": 15, "fields": {"vendor": 12, "category_name": "Test due vendor2", "slug": "test-due-vendor2-15", "description": "TEST DUE VENDOR2", "created_at": "2022-11-08T15:44:40.292Z", "updated_at": "2022-11-08T15:44:40.298Z"}}, {"model": "my_shop.category", "pk": 16, "fields": {"vendor": 13, "category_name": "Test tre", "slug": "test-tre-16", "description": "TEST TRE", "created_at": "2022-11-08T15:46:44.290Z", "updated_at": "2022-11-08T15:46:44.292Z"}}, {"model": "my_shop.category", "pk": 17, "fields": {"vendor": 13, "category_name": "Test 4", "slug": "test-4-17", "description": "TEST 4", "created_at": "2022-11-08T15:46:53.752Z", "updated_at": "2022-11-08T15:46:53.753Z"}}, {"model": "my_shop.productitem", "pk": 12, "fields": {"vendor": 9, "category": 12, "item_title": "buzzer 25 kg", "slug": "buzzer-25-kg-None", "description": "this is a test", "price": "15.00", "image": "itemimages/canal_night_vagAjYg.jpeg", "is_available": true, "created_at": "2022-11-02T13:40:08.342Z", "updated_at": "2022-11-02T13:40:08.342Z"}}, {"model": "my_shop.productitem", "pk": 13, "fields": {"vendor": 9, "category": 13, "item_title": "bag 15 kg", "slug": "bag-15-kg-None", "description": "this is another test", "price": "20.00", "image": "itemimages/towpath_logo_568x118_FWHGgo2.jpg", "is_available": true, "created_at": "2022-11-02T13:40:55.168Z", "updated_at": "2022-11-02T13:40:55.168Z"}}, {"model": "my_shop.productitem", "pk": 14, "fields": {"vendor": 12, "category": 14, "item_title": "ITEM UNO", "slug": "item-uno-None", "description": "THIS IS A TEST ITEM DESCRIPTION", "price": "22.00", "image": "itemimages/towpath_back_logo_568x110_Jihm4YA.jpg", "is_available": true, "created_at": "2022-11-08T15:45:21.231Z", "updated_at": "2022-11-08T15:45:21.231Z"}}, {"model": "my_shop.productitem", "pk": 15, "fields": {"vendor": 12, "category": 15, "item_title": "ITEM DUE", "slug": "item-due-None", "description": "THIS IS A TEST DESC", "price": "5.00", "image": "itemimages/towpath_cafe_qH76EWK.jpeg", "is_available": true, "created_at": "2022-11-08T15:46:07.672Z", "updated_at": "2022-11-08T15:46:07.672Z"}}, {"model": "my_shop.productitem", "pk": 16, "fields": {"vendor": 13, "category": 16, "item_title": "ITEM 3", "slug": "item-3-None", "description": "ITEM 3 DESC", "price": "77.00", "image": "itemimages/towpath_back_logo_568x110_bFUM63j.jpg", "is_available": true, "created_at": "2022-11-08T15:47:15.595Z", "updated_at": "2022-11-08T15:47:15.595Z"}}, {"model": "my_shop.productitem", "pk": 17, "fields": {"vendor": 13, "category": 17, "item_title": "ITEM 4", "slug": "item-4-None", "description": "ITEM 4 DESC", "price": "55.00", "image": "itemimages/Regents_Canal_Towpath_0GKPiyk.jpeg", "is_available": true, "created_at": "2022-11-08T15:47:38.800Z", "updated_at": "2022-11-08T15:47:38.800Z"}}, {"model": "marketplace.cart", "pk": 62, "fields": {"user": 114, "productitem": 12, "quantity": 3, "created_at": "2022-11-08T12:24:03.013Z", "updated_at": "2022-11-08T12:24:03.437Z"}}, {"model": "marketplace.cart", "pk": 65, "fields": {"user": 119, "productitem": 12, "quantity": 4, "created_at": "2022-11-11T01:53:15.655Z", "updated_at": "2022-11-12T16:49:47.324Z"}}, {"model": "marketplace.cart", "pk": 68, "fields": {"user": 121, "productitem": 17, "quantity": 4, "created_at": "2022-11-11T16:57:58.759Z", "updated_at": "2022-11-11T16:58:37.197Z"}}, {"model": "orders.payment", "pk": 1, "fields": {"user": 119, "transaction_id": "5F551659H64200306", "payment_method": "PayPal", "amount": "45.0", "status": "COMPLETED", "created_at": "2022-11-12T00:09:06.716Z"}}, {"model": "orders.payment", "pk": 2, "fields": {"user": 119, "transaction_id": "0LF500171Y3748725", "payment_method": "PayPal", "amount": "45.0", "status": "COMPLETED", "created_at": "2022-11-12T00:25:33.870Z"}}, {"model": "orders.payment", "pk": 3, "fields": {"user": 119, "transaction_id": "84N06575LB404331L", "payment_method": "PayPal", "amount": "45.0", "status": "COMPLETED", "created_at": "2022-11-12T00:30:21.873Z"}}, {"model": "orders.payment", "pk": 4, "fields": {"user": 119, "transaction_id": "81299746162917144", "payment_method": "PayPal", "amount": "45.0", "status": "COMPLETED", "created_at": "2022-11-12T00:46:16.054Z"}}, {"model": "orders.payment", "pk": 5, "fields": {"user": 119, "transaction_id": "0HM67272897012400", "payment_method": "PayPal", "amount": "122.0", "status": "COMPLETED", "created_at": "2022-11-12T11:25:05.478Z"}}, {"model": "orders.payment", "pk": 6, "fields": {"user": 119, "transaction_id": "25810457CN1688104", "payment_method": "PayPal", "amount": "45.0", "status": "COMPLETED", "created_at": "2022-11-12T11:41:37.828Z"}}, {"model": "orders.payment", "pk": 7, "fields": {"user": 119, "transaction_id": "08U55695XG212170X", "payment_method": "PayPal", "amount": "45.0", "status": "COMPLETED", "created_at": "2022-11-12T11:50:24.165Z"}}, {"model": "orders.payment", "pk": 8, "fields": {"user": 119, "transaction_id": "0Y575450TF063605E", "payment_method": "PayPal", "amount": "45.0", "status": "COMPLETED", "created_at": "2022-11-12T12:46:37.000Z"}}, {"model": "orders.payment", "pk": 9, "fields": {"user": 119, "transaction_id": "9S876669KC697220E", "payment_method": "PayPal", "amount": "45.0", "status": "COMPLETED", "created_at": "2022-11-12T12:49:36.471Z"}}, {"model": "orders.payment", "pk": 10, "fields": {"user": 119, "transaction_id": "23711074DV8768016", "payment_method": "PayPal", "amount": "60.0", "status": "COMPLETED", "created_at": "2022-11-12T16:50:21.656Z"}}, {"model": "orders.order", "pk": 37, "fields": {"user": 119, "payment": 3, "order_number": "2022111200301037", "first_name": "F", "last_name": "M", "phone": "444565356544", "email": "mirandafrancesco84@gmail.com", "address": "Greenwich, Greenwich High Road, London, UK", "country": "United Kingdom", "state": "England", "city": "London", "pin_code": "SE10 8JQ", "total": 45.0, "tax_data": "{}", "total_data": null, "total_tax": 0.0, "payment_method": "PayPal", "status": "New", "is_ordered": true, "created_at": "2022-11-12T00:30:10.496Z", "updated_at": "2022-11-12T00:30:21.874Z"}}, {"model": "orders.order", "pk": 38, "fields": {"user": 119, "payment": 4, "order_number": "2022111200455238", "first_name": "F", "last_name": "M", "phone": "444565356544", "email": "mirandafrancesco84@gmail.com", "address": "Greenwich, Greenwich High Road, London, UK", "country": "United Kingdom", "state": "England", "city": "London", "pin_code": "SE10 8JQ", "total": 45.0, "tax_data": "{}", "total_data": null, "total_tax": 0.0, "payment_method": "PayPal", "status": "New", "is_ordered": true, "created_at": "2022-11-12T00:45:52.667Z", "updated_at": "2022-11-12T00:46:16.057Z"}}, {"model": "orders.order", "pk": 39, "fields": {"user": 119, "payment": null, "order_number": "2022111211023939", "first_name": "F", "last_name": "M", "phone": "444565356544", "email": "mirandafrancesco84@gmail.com", "address": "Greenwich, Greenwich High Road, London, UK", "country": "United Kingdom", "state": "England", "city": "London", "pin_code": "SE10 8JQ", "total": 45.0, "tax_data": "{}", "total_data": null, "total_tax": 0.0, "payment_method": "PayPal", "status": "New", "is_ordered": false, "created_at": "2022-11-12T11:02:39.367Z", "updated_at": "2022-11-12T11:02:39.375Z"}}, {"model": "orders.order", "pk": 40, "fields": {"user": 119, "payment": 5, "order_number": "2022111211240640", "first_name": "F", "last_name": "M", "phone": "444565356544", "email": "mirandafrancesco84@gmail.com", "address": "Greenwich, Greenwich High Road, London, UK", "country": "United Kingdom", "state": "England", "city": "London", "pin_code": "SE10 8JQ", "total": 122.0, "tax_data": "{}", "total_data": null, "total_tax": 0.0, "payment_method": "PayPal", "status": "New", "is_ordered": true, "created_at": "2022-11-12T11:24:06.934Z", "updated_at": "2022-11-12T11:25:05.483Z"}}, {"model": "orders.order", "pk": 41, "fields": {"user": 119, "payment": null, "order_number": "2022111211405341", "first_name": "F", "last_name": "M", "phone": "444565356544", "email": "mirandafrancesco84@gmail.com", "address": "Greenwich, Greenwich High Road, London, UK", "country": "United Kingdom", "state": "England", "city": "London", "pin_code": "SE10 8JQ", "total": 122.0, "tax_data": "{}", "total_data": null, "total_tax": 0.0, "payment_method": "PayPal", "status": "New", "is_ordered": false, "created_at": "2022-11-12T11:40:53.514Z", "updated_at": "2022-11-12T11:40:53.516Z"}}, {"model": "orders.order", "pk": 42, "fields": {"user": 119, "payment": 6, "order_number": "2022111211411942", "first_name": "F", "last_name": "M", "phone": "444565356544", "email": "mirandafrancesco84@gmail.com", "address": "Greenwich, Greenwich High Road, London, UK", "country": "United Kingdom", "state": "England", "city": "London", "pin_code": "SE10 8JQ", "total": 45.0, "tax_data": "{}", "total_data": null, "total_tax": 0.0, "payment_method": "PayPal", "status": "New", "is_ordered": true, "created_at": "2022-11-12T11:41:19.263Z", "updated_at": "2022-11-12T11:41:37.830Z"}}, {"model": "orders.order", "pk": 43, "fields": {"user": 119, "payment": 7, "order_number": "2022111211500943", "first_name": "F", "last_name": "M", "phone": "444565356544", "email": "mirandafrancesco84@gmail.com", "address": "Greenwich, Greenwich High Road, London, UK", "country": "United Kingdom", "state": "England", "city": "London", "pin_code": "SE10 8JQ", "total": 45.0, "tax_data": "{}", "total_data": null, "total_tax": 0.0, "payment_method": "PayPal", "status": "New", "is_ordered": true, "created_at": "2022-11-12T11:50:09.011Z", "updated_at": "2022-11-12T11:50:24.168Z"}}, {"model": "orders.order", "pk": 44, "fields": {"user": 119, "payment": null, "order_number": "2022111212454544", "first_name": "F", "last_name": "M", "phone": "444565356544", "email": "mirandafrancesco84@gmail.com", "address": "Greenwich, Greenwich High Road, London, UK", "country": "United Kingdom", "state": "England", "city": "London", "pin_code": "SE10 8JQ", "total": 45.0, "tax_data": "{}", "total_data": null, "total_tax": 0.0, "payment_method": "PayPal", "status": "New", "is_ordered": false, "created_at": "2022-11-12T12:45:45.828Z", "updated_at": "2022-11-12T12:45:45.830Z"}}, {"model": "orders.order", "pk": 45, "fields": {"user": 119, "payment": 8, "order_number": "2022111212461545", "first_name": "F", "last_name": "M", "phone": "444565356544", "email": "mirandafrancesco84@gmail.com", "address": "Greenwich, Greenwich High Road, London, UK", "country": "United Kingdom", "state": "England", "city": "London", "pin_code": "SE10 8JQ", "total": 45.0, "tax_data": "{}", "total_data": null, "total_tax": 0.0, "payment_method": "PayPal", "status": "New", "is_ordered": true, "created_at": "2022-11-12T12:46:15.147Z", "updated_at": "2022-11-12T12:46:37.004Z"}}, {"model": "orders.order", "pk": 46, "fields": {"user": 119, "payment": 9, "order_number": "2022111212492446", "first_name": "F", "last_name": "M", "phone": "444565356544", "email": "mirandafrancesco84@gmail.com", "address": "Greenwich, Greenwich High Road, London, UK", "country": "United Kingdom", "state": "England", "city": "London", "pin_code": "SE10 8JQ", "total": 45.0, "tax_data": "{}", "total_data": null, "total_tax": 0.0, "payment_method": "PayPal", "status": "New", "is_ordered": true, "created_at": "2022-11-12T12:49:24.489Z", "updated_at": "2022-11-12T12:49:36.474Z"}}, {"model": "orders.order", "pk": 47, "fields": {"user": 119, "payment": 10, "order_number": "2022111216500447", "first_name": "F", "last_name": "M", "phone": "444565356544", "email": "mirandafrancesco84@gmail.com", "address": "Greenwich, Greenwich High Road, London, UK", "country": "United Kingdom", "state": "England", "city": "London", "pin_code": "SE10 8JQ", "total": 60.0, "tax_data": "{}", "total_data": null, "total_tax": 0.0, "payment_method": "PayPal", "status": "New", "is_ordered": true, "created_at": "2022-11-12T16:50:04.026Z", "updated_at": "2022-11-12T16:50:21.661Z"}}, {"model": "orders.ordereditem", "pk": 2, "fields": {"order": 37, "payment": 3, "user": 119, "productitem": 12, "quantity": 3, "price": 15.0, "amount": 45.0, "created_at": "2022-11-12T00:30:21.880Z", "updated_at": "2022-11-12T00:30:21.880Z"}}, {"model": "orders.ordereditem", "pk": 3, "fields": {"order": 38, "payment": 4, "user": 119, "productitem": 12, "quantity": 3, "price": 15.0, "amount": 45.0, "created_at": "2022-11-12T00:46:16.064Z", "updated_at": "2022-11-12T00:46:16.064Z"}}, {"model": "orders.ordereditem", "pk": 4, "fields": {"order": 40, "payment": 5, "user": 119, "productitem": 12, "quantity": 3, "price": 15.0, "amount": 45.0, "created_at": "2022-11-12T11:25:05.489Z", "updated_at": "2022-11-12T11:25:05.489Z"}}, {"model": "orders.ordereditem", "pk": 5, "fields": {"order": 40, "payment": 5, "user": 119, "productitem": 14, "quantity": 1, "price": 22.0, "amount": 22.0, "created_at": "2022-11-12T11:25:05.497Z", "updated_at": "2022-11-12T11:25:05.497Z"}}, {"model": "orders.ordereditem", "pk": 6, "fields": {"order": 40, "payment": 5, "user": 119, "productitem": 17, "quantity": 1, "price": 55.0, "amount": 55.0, "created_at": "2022-11-12T11:25:05.501Z", "updated_at": "2022-11-12T11:25:05.501Z"}}, {"model": "orders.ordereditem", "pk": 7, "fields": {"order": 42, "payment": 6, "user": 119, "productitem": 12, "quantity": 3, "price": 15.0, "amount": 45.0, "created_at": "2022-11-12T11:41:37.837Z", "updated_at": "2022-11-12T11:41:37.837Z"}}, {"model": "orders.ordereditem", "pk": 8, "fields": {"order": 43, "payment": 7, "user": 119, "productitem": 12, "quantity": 3, "price": 15.0, "amount": 45.0, "created_at": "2022-11-12T11:50:24.178Z", "updated_at": "2022-11-12T11:50:24.178Z"}}, {"model": "orders.ordereditem", "pk": 9, "fields": {"order": 45, "payment": 8, "user": 119, "productitem": 12, "quantity": 3, "price": 15.0, "amount": 45.0, "created_at": "2022-11-12T12:46:37.012Z", "updated_at": "2022-11-12T12:46:37.012Z"}}, {"model": "orders.ordereditem", "pk": 10, "fields": {"order": 46, "payment": 9, "user": 119, "productitem": 12, "quantity": 3, "price": 15.0, "amount": 45.0, "created_at": "2022-11-12T12:49:36.485Z", "updated_at": "2022-11-12T12:49:36.485Z"}}, {"model": "orders.ordereditem", "pk": 11, "fields": {"order": 47, "payment": 10, "user": 119, "productitem": 12, "quantity": 4, "price": 15.0, "amount": 60.0, "created_at": "2022-11-12T16:50:21.697Z", "updated_at": "2022-11-12T16:50:21.697Z"}}]